"","longitude","latitude","observed_on","common_name","scientific_name","image_url","taxon","license"
"1",-76.6067837404,44.2261474246,"2022-10-23","Fungi Including Lichens","Fungi","https://inaturalist-open-data.s3.amazonaws.com/photos/239081425/medium.jpg","Fungi","CC-BY-NC"
"2",-76.6100861133,44.2239644577,"2022-10-23","brittlegills","Russula","https://inaturalist-open-data.s3.amazonaws.com/photos/239081138/medium.jpg","Fungi","CC-BY-NC"
"3",-76.6128679387,44.222891663,"2022-10-23","","Lentinellus","https://inaturalist-open-data.s3.amazonaws.com/photos/239080932/medium.jpg","Fungi","CC-BY-NC"
"4",-76.6107739843,44.2242905579,"2022-10-23","Fungi Including Lichens","Fungi","https://inaturalist-open-data.s3.amazonaws.com/photos/239080747/medium.jpg","Fungi","CC-BY-NC"
"5",-76.6120381407,44.2243265274,"2022-10-23","Oyster Mushrooms","Pleurotus","https://inaturalist-open-data.s3.amazonaws.com/photos/239080397/medium.jpg","Fungi","CC-BY-NC"
"6",-76.6106673298,44.2254209309,"2022-10-23","chicken of the woods","Laetiporus sulphureus","https://inaturalist-open-data.s3.amazonaws.com/photos/239080195/medium.jpg","Fungi","CC-BY-NC"
"7",-76.6124011088,44.2248289907,"2022-10-23","broad-leaved goldenrod","Solidago flexicaulis","https://inaturalist-open-data.s3.amazonaws.com/photos/239079943/medium.jpg","Plantae","CC-BY-NC"
"8",-76.6119334913,44.2222162222,"2022-10-23","flowering plants","Angiospermae","https://inaturalist-open-data.s3.amazonaws.com/photos/239078997/medium.jpg","Plantae","CC-BY-NC"
"9",-76.6113451673,44.2243264846,"2022-10-23","Northern Cardinal","Cardinalis cardinalis","https://inaturalist-open-data.s3.amazonaws.com/photos/239078759/medium.jpg","Aves","CC-BY-NC"
"10",-76.6160283333,44.2219383333,"2022-10-16","Spindle","Euonymus europaeus","https://inaturalist-open-data.s3.amazonaws.com/photos/237665515/medium.jpg","Plantae","CC-BY-NC"
"11",-76.6157615212,44.2314163308,"2022-10-01","Double-crested Cormorant","Phalacrocorax auritus","https://inaturalist-open-data.s3.amazonaws.com/photos/237647573/medium.jpeg","Aves","CC-BY-NC"
"12",-76.6157615212,44.2314163308,"2022-10-14","Greater Yellowlegs","Tringa melanoleuca","https://inaturalist-open-data.s3.amazonaws.com/photos/237646233/medium.jpeg","Aves","CC-BY-NC"
"13",-76.6110086468,44.2306937001,"2022-10-14","Wild Turkey","Meleagris gallopavo","https://inaturalist-open-data.s3.amazonaws.com/photos/237645565/medium.jpeg","Aves","CC-BY-NC"
"14",-76.6099472222,44.2315555556,"2022-09-08","","Laetiporus","https://inaturalist-open-data.s3.amazonaws.com/photos/237344984/medium.jpg","Fungi","CC-BY-NC"
"15",-76.6144722222,44.2286027778,"2022-09-08","Woodsages","Teucrium","https://inaturalist-open-data.s3.amazonaws.com/photos/237344950/medium.jpg","Plantae","CC-BY-NC"
"16",-76.6144722222,44.2286083333,"2022-09-08","white turtlehead","Chelone glabra","https://inaturalist-open-data.s3.amazonaws.com/photos/237344937/medium.jpg","Plantae","CC-BY-NC"
"17",-76.615494257,44.2278331219,"2022-09-08","rough cocklebur","Xanthium strumarium","https://inaturalist-open-data.s3.amazonaws.com/photos/237344909/medium.jpg","Plantae","CC-BY-NC"
"18",-76.6159072509,44.2269105693,"2022-09-08","common silverweed","Argentina anserina","https://inaturalist-open-data.s3.amazonaws.com/photos/237344863/medium.jpg","Plantae","CC-BY-NC"
"19",-76.6144804874,44.2285970499,"2022-09-08","pale smartweed","Persicaria lapathifolia","https://inaturalist-open-data.s3.amazonaws.com/photos/237344826/medium.jpg","Plantae","CC-BY-NC"
"20",-76.609689,44.2323542,"2022-10-14","Wild Turkey","Meleagris gallopavo","https://inaturalist-open-data.s3.amazonaws.com/photos/237276401/medium.jpg","Aves","CC-BY-NC"
"21",-76.609689,44.2323542,"2022-10-14","White-breasted Nuthatch","Sitta carolinensis","https://inaturalist-open-data.s3.amazonaws.com/photos/237276202/medium.jpg","Aves","CC-BY-NC"
"22",-76.609689,44.2323542,"2022-10-14","Northern Cardinal","Cardinalis cardinalis","https://inaturalist-open-data.s3.amazonaws.com/photos/237276079/medium.jpg","Aves","CC-BY-NC"
"23",-76.609689,44.2323542,"2022-10-14","Eastern Gray Squirrel","Sciurus carolinensis","https://inaturalist-open-data.s3.amazonaws.com/photos/237275339/medium.jpg","Mammalia","CC-BY-NC"
"24",-76.6102222222,44.2313111111,"2022-10-14","Asteroid Moth","Cucullia asteroides","https://inaturalist-open-data.s3.amazonaws.com/photos/237195340/medium.jpeg","Insecta","CC-BY-NC"
"25",-76.6102972222,44.2312083333,"2022-10-14","asters","Aster","https://inaturalist-open-data.s3.amazonaws.com/photos/237194034/medium.jpeg","Plantae","CC-BY-NC"
"26",-76.6148916667,44.2179033333,"2022-10-10","Canada wild rye","Elymus canadensis","https://inaturalist-open-data.s3.amazonaws.com/photos/236399044/medium.jpg","Plantae","CC-BY-NC"
"27",-76.6184466667,44.221,"2022-10-10","broad-leaved sedge","Carex platyphylla","https://inaturalist-open-data.s3.amazonaws.com/photos/236398578/medium.jpg","Plantae","CC-BY-NC"
"28",-76.6180033333,44.2212633333,"2022-10-10","broad-leaved goldenrod","Solidago flexicaulis","https://inaturalist-open-data.s3.amazonaws.com/photos/236398391/medium.jpg","Plantae","CC-BY-NC"
"29",-76.6136080307,44.2321759696,"2022-10-09","Isabella Tiger Moth","Pyrrharctia isabella","https://inaturalist-open-data.s3.amazonaws.com/photos/236098444/medium.jpg","Insecta","CC-BY-NC"
"30",-76.6104883333,44.22665,"2022-10-05","Dekay's Brownsnake","Storeria dekayi","https://inaturalist-open-data.s3.amazonaws.com/photos/235226038/medium.jpg","Reptilia","CC-BY-NC"
"31",-76.6107743063,44.2256375427,"2022-10-03","Belted Kingfisher","Megaceryle alcyon","https://inaturalist-open-data.s3.amazonaws.com/photos/234875989/medium.jpg","Aves","CC-BY-NC"
"32",-76.6128437,44.2239908,"2022-10-03","Belted Kingfisher","Megaceryle alcyon","https://inaturalist-open-data.s3.amazonaws.com/photos/234875849/medium.jpg","Aves","CC-BY-NC"
"33",-76.6158916667,44.2267305556,"2022-07-24","Jack-in-the-Pulpit","Arisaema triphyllum","https://inaturalist-open-data.s3.amazonaws.com/photos/234761925/medium.jpg","Plantae","CC-BY-NC"
"34",-76.6147533333,44.221755,"2022-10-02","rough cocklebur","Xanthium strumarium","https://inaturalist-open-data.s3.amazonaws.com/photos/234762147/medium.jpg","Plantae","CC-BY-NC"
"35",-76.6152611111,44.2271916667,"2022-07-24","Red-winged Blackbird","Agelaius phoeniceus","https://inaturalist-open-data.s3.amazonaws.com/photos/234758711/medium.jpg","Aves","CC-BY-NC"
"36",-76.6112805556,44.2304888889,"2022-07-24","Peeling Oysterling","Crepidotus mollis","https://inaturalist-open-data.s3.amazonaws.com/photos/234754532/medium.jpg","Fungi","CC-BY-NC"
"37",-76.6116277778,44.2286222222,"2022-07-24","Eastern Gray Squirrel","Sciurus carolinensis","https://inaturalist-open-data.s3.amazonaws.com/photos/234754416/medium.jpg","Mammalia","CC-BY-NC"
"38",-76.612025,44.2297055556,"2022-07-24","Eastern Gray Squirrel","Sciurus carolinensis","https://inaturalist-open-data.s3.amazonaws.com/photos/234754337/medium.jpg","Mammalia","CC-BY-NC"
"39",-76.6116444444,44.2286305556,"2022-07-24","Eastern Chipmunk","Tamias striatus","https://inaturalist-open-data.s3.amazonaws.com/photos/234754309/medium.jpg","Mammalia","CC-BY-NC"
"40",-76.6116444444,44.2286305556,"2022-07-24","fringed loosestrife","Lysimachia ciliata","https://inaturalist-open-data.s3.amazonaws.com/photos/234754072/medium.jpg","Plantae","CC-BY-NC"
"41",-76.6127194444,44.2277277778,"2022-07-24","Stinking Dapperling","Lepiota cristata","https://inaturalist-open-data.s3.amazonaws.com/photos/234754073/medium.jpg","Fungi","CC-BY-NC"
"42",-76.613075,44.2277055556,"2022-07-24","garlic mustard","Alliaria petiolata","https://inaturalist-open-data.s3.amazonaws.com/photos/234753932/medium.jpg","Plantae","CC-BY-NC"
"43",-76.613075,44.2277055556,"2022-07-24","bloodroot","Sanguinaria canadensis","https://inaturalist-open-data.s3.amazonaws.com/photos/234753879/medium.jpg","Plantae","CC-BY-NC"
"44",-76.6158916667,44.2268111111,"2022-07-24","Flat Crep","Crepidotus applanatus","https://inaturalist-open-data.s3.amazonaws.com/photos/234753752/medium.jpg","Fungi","CC-BY-NC"
"45",-76.6149555556,44.2267388889,"2022-07-24","Shoehorn Oyster","Hohenbuehelia petaloides","https://inaturalist-open-data.s3.amazonaws.com/photos/234753695/medium.jpg","Fungi","CC-BY-NC"
"46",-76.61525,44.2280666667,"2022-07-24","mayapple","Podophyllum peltatum","https://inaturalist-open-data.s3.amazonaws.com/photos/234753104/medium.jpg","Plantae","CC-BY-NC"
"47",-76.61525,44.2280666667,"2022-07-24","lady fern","Athyrium filix-femina","https://inaturalist-open-data.s3.amazonaws.com/photos/234753045/medium.jpg","Plantae","CC-BY-NC"
"48",-76.6155166667,44.2279222222,"2022-07-24","American beech","Fagus grandifolia","https://inaturalist-open-data.s3.amazonaws.com/photos/234752903/medium.jpg","Plantae","CC-BY-NC"
"49",-76.6130194444,44.232475,"2022-07-24","American cornmint","Mentha canadensis","https://inaturalist-open-data.s3.amazonaws.com/photos/234752712/medium.jpg","Plantae","CC-BY-NC"
"50",-76.6143611111,44.2307527778,"2022-07-24","field bindweed","Convolvulus arvensis","https://inaturalist-open-data.s3.amazonaws.com/photos/234752585/medium.jpg","Plantae","CC-BY-NC"
"51",-76.6146722222,44.2286805556,"2022-07-24","meadow anemone","Anemonastrum canadense","https://inaturalist-open-data.s3.amazonaws.com/photos/234752672/medium.jpg","Plantae","CC-BY-NC"
"52",-76.6143555556,44.2291416667,"2022-07-24","purple loosestrife","Lythrum salicaria","https://inaturalist-open-data.s3.amazonaws.com/photos/234752581/medium.jpg","Plantae","CC-BY-NC"
"53",-76.6147083333,44.2285694444,"2022-07-24","common silverweed","Argentina anserina","https://inaturalist-open-data.s3.amazonaws.com/photos/234752474/medium.jpg","Plantae","CC-BY-NC"
"54",-76.6078431248,44.2207938142,"2022-10-01","Two-striped Grasshopper","Melanoplus bivittatus","https://inaturalist-open-data.s3.amazonaws.com/photos/234576250/medium.jpeg","Insecta","CC-BY-NC"
"55",-76.6111133333,44.2232083333,"2022-10-01","western poison ivy","Toxicodendron rydbergii","https://inaturalist-open-data.s3.amazonaws.com/photos/234570782/medium.jpg","Plantae","CC-BY-NC"
"56",-76.6141865221,44.2219764602,"2022-10-02","Dekay's Brownsnake","Storeria dekayi","https://inaturalist-open-data.s3.amazonaws.com/photos/234469912/medium.jpg","Reptilia","CC-BY-NC"
"57",-76.6096890718,44.2323540655,"2022-10-02","Eastern Gray Squirrel","Sciurus carolinensis","https://inaturalist-open-data.s3.amazonaws.com/photos/234460546/medium.jpeg","Mammalia","CC-BY-NC"
"58",-76.61453805,44.23071653,"2022-10-02","Wild Turkey","Meleagris gallopavo","https://inaturalist-open-data.s3.amazonaws.com/photos/234455043/medium.jpeg","Aves","CC-BY-NC"
"59",-76.6119734757,44.2295694491,"2022-10-02","Wild Turkey","Meleagris gallopavo","https://inaturalist-open-data.s3.amazonaws.com/photos/234409223/medium.jpg","Aves","CC-BY-NC"
"60",-76.6064298676,44.2204582011,"2022-09-29","asters and allies","Astereae","https://inaturalist-open-data.s3.amazonaws.com/photos/233789840/medium.jpg","Plantae","CC-BY-NC"
"61",-76.6129363617,44.2325940068,"2022-09-24","Northern Watersnake","Nerodia sipedon sipedon","https://inaturalist-open-data.s3.amazonaws.com/photos/232649843/medium.jpg","Reptilia","CC-BY-NC"
"62",-76.6096793577,44.2207028692,"2022-08-05","Monarch","Danaus plexippus","https://inaturalist-open-data.s3.amazonaws.com/photos/231309991/medium.jpg","Insecta","CC-BY-NC"
"63",-76.6163929947,44.219549322,"2022-09-17","goldenrods","Solidago","https://inaturalist-open-data.s3.amazonaws.com/photos/230985256/medium.jpg","Plantae","CC-BY-NC"
"64",-76.6136563104,44.2321031727,"2022-09-17","Eastern Garter Snake","Thamnophis sirtalis sirtalis","https://inaturalist-open-data.s3.amazonaws.com/photos/230863954/medium.jpg","Reptilia","CC-BY-NC"
"65",-76.609689,44.2323542,"2022-09-15","Red-tailed Hawk","Buteo jamaicensis","https://inaturalist-open-data.s3.amazonaws.com/photos/230551123/medium.jpg","Aves","CC-BY-NC"
"66",-76.6124573225,44.223980266,"2022-09-14","tall thimbleweed","Anemone virginiana","https://inaturalist-open-data.s3.amazonaws.com/photos/230314124/medium.jpg","Plantae","CC-BY-NC"
"67",-76.6112418716,44.2252143242,"2022-09-14","Fungi Including Lichens","Fungi","https://inaturalist-open-data.s3.amazonaws.com/photos/230313467/medium.jpg","Fungi","CC-BY-NC"
"68",-76.610702136,44.2267134802,"2022-09-14","","Hericium","https://inaturalist-open-data.s3.amazonaws.com/photos/230313095/medium.jpg","Fungi","CC-BY-NC"
"69",-76.6099717262,44.2233209278,"2022-09-14","St. John's worts","Hypericum","https://inaturalist-open-data.s3.amazonaws.com/photos/230312887/medium.jpg","Plantae","CC-BY-NC"
"70",-76.610297553,44.2259004051,"2022-09-14","mosses","Bryophyta","https://inaturalist-open-data.s3.amazonaws.com/photos/230312727/medium.jpg","Plantae","CC-BY-NC"
"71",-76.6105160011,44.2260845351,"2022-09-14","New England aster","Symphyotrichum novae-angliae","https://inaturalist-open-data.s3.amazonaws.com/photos/230312567/medium.jpg","Plantae","CC-BY-NC"
"72",-76.6106367228,44.2222713763,"2022-09-14","large-leaved aster","Eurybia macrophylla","https://inaturalist-open-data.s3.amazonaws.com/photos/230312423/medium.jpg","Plantae","CC-BY-NC"
"73",-76.6114983405,44.2244851792,"2022-09-14","Wild Turkey","Meleagris gallopavo","https://inaturalist-open-data.s3.amazonaws.com/photos/230312258/medium.jpg","Aves","CC-BY-NC"
"74",-76.610800686,44.2240490955,"2022-09-14","Wild Turkey","Meleagris gallopavo","https://inaturalist-open-data.s3.amazonaws.com/photos/230312116/medium.jpg","Aves","CC-BY-NC"
"75",-76.6097539141,44.2242301536,"2022-09-14","Fungi Including Lichens","Fungi","https://inaturalist-open-data.s3.amazonaws.com/photos/230311932/medium.jpg","Fungi","CC-BY-NC"
"76",-76.6116470886,44.2231875606,"2022-09-14","Fungi Including Lichens","Fungi","https://inaturalist-open-data.s3.amazonaws.com/photos/230311688/medium.jpg","Fungi","CC-BY-NC"
"77",-76.6124004051,44.2217292616,"2022-09-14","Fungi Including Lichens","Fungi","https://inaturalist-open-data.s3.amazonaws.com/photos/230311510/medium.jpg","Fungi","CC-BY-NC"
"78",-76.6110305936,44.2234818129,"2022-09-14","Fungi Including Lichens","Fungi","https://inaturalist-open-data.s3.amazonaws.com/photos/230311294/medium.jpg","Fungi","CC-BY-NC"
"79",-76.6114894638,44.2236198721,"2022-09-14","Fungi Including Lichens","Fungi","https://inaturalist-open-data.s3.amazonaws.com/photos/230311077/medium.jpg","Fungi","CC-BY-NC"
"80",-76.6110403454,44.2228262003,"2022-09-14","Fungi Including Lichens","Fungi","https://inaturalist-open-data.s3.amazonaws.com/photos/230310891/medium.jpg","Fungi","CC-BY-NC"
"81",-76.6130871458,44.2234288388,"2022-09-14","","Rigidoporus","https://inaturalist-open-data.s3.amazonaws.com/photos/230310654/medium.jpg","Fungi","CC-BY-NC"
"82",-76.6134438,44.2220768534,"2022-09-14","Milkcaps, Brittlegills and Allies","Russulaceae","https://inaturalist-open-data.s3.amazonaws.com/photos/230310365/medium.jpg","Fungi","CC-BY-NC"
"83",-76.6119872358,44.227653964,"2022-07-13","Fungi Including Lichens","Fungi","https://inaturalist-open-data.s3.amazonaws.com/photos/230022745/medium.jpg","Fungi","CC-BY-NC"
"84",-76.6146921217,44.2217419847,"2022-09-12","rough cocklebur","Xanthium strumarium","https://inaturalist-open-data.s3.amazonaws.com/photos/229705368/medium.jpg","Plantae","CC-BY-NC"
"85",-76.616574127,44.226827776,"2022-09-10","Mourning Dove","Zenaida macroura","https://inaturalist-open-data.s3.amazonaws.com/photos/229227188/medium.jpg","Aves","CC-BY-NC"
"86",-76.6150688648,44.2301241207,"2022-09-10","Herring Gull","Larus argentatus","https://inaturalist-open-data.s3.amazonaws.com/photos/229221527/medium.jpg","Aves","CC-BY-NC"
"87",-76.6179963175,44.2313787448,"2022-09-10","Mallard","Anas platyrhynchos","https://inaturalist-open-data.s3.amazonaws.com/photos/229220176/medium.jpg","Aves","CC-BY-NC"
"88",-76.6143357955,44.2313566328,"2022-09-10","Canada Goose","Branta canadensis","https://inaturalist-open-data.s3.amazonaws.com/photos/229219884/medium.jpg","Aves","CC-BY-NC"
"89",-76.6103378862,44.2310773461,"2022-09-10","Eastern Chipmunk","Tamias striatus","https://inaturalist-open-data.s3.amazonaws.com/photos/229216315/medium.jpg","Mammalia","CC-BY-NC"
"90",-76.6110135946,44.2304968669,"2022-09-10","Eastern Wild Turkey","Meleagris gallopavo silvestris","https://inaturalist-open-data.s3.amazonaws.com/photos/229215506/medium.jpg","Aves","CC-BY-NC"
"91",-76.6113909318,44.2305330751,"2022-09-10","Eastern Gray Squirrel","Sciurus carolinensis","https://inaturalist-open-data.s3.amazonaws.com/photos/229215407/medium.jpg","Mammalia","CC-BY-NC"
"92",-76.6108606216,44.2274129949,"2022-09-10","Eastern Garter Snake","Thamnophis sirtalis sirtalis","https://inaturalist-open-data.s3.amazonaws.com/photos/229213302/medium.jpg","Reptilia","CC-BY-NC"
"93",-76.6104949613,44.2232883692,"2022-09-10","Fungi Including Lichens","Fungi","https://inaturalist-open-data.s3.amazonaws.com/photos/229131996/medium.jpg","Fungi","CC-BY-NC"
"94",-76.6097332949,44.2245503426,"2022-09-10","","Psathyrellaceae","https://inaturalist-open-data.s3.amazonaws.com/photos/229130678/medium.jpg","Fungi","CC-BY-NC"
"95",-76.6112175976,44.223388202,"2022-09-10","Perching Birds","Passeriformes","https://inaturalist-open-data.s3.amazonaws.com/photos/229130112/medium.jpg","Aves","CC-BY-NC"
"96",-76.614175,44.2333033333,"2022-09-03","Dekay's Brownsnake","Storeria dekayi","https://inaturalist-open-data.s3.amazonaws.com/photos/227588196/medium.jpg","Reptilia","CC-BY-NC"
"97",-76.6068925336,44.2218963623,"2022-09-02","Dekay's Brownsnake","Storeria dekayi","https://inaturalist-open-data.s3.amazonaws.com/photos/227234982/medium.jpeg","Reptilia","CC-BY-NC"
"98",-76.6088670322,44.2246533735,"2022-09-01","Cape May Warbler","Setophaga tigrina","https://inaturalist-open-data.s3.amazonaws.com/photos/227181950/medium.jpeg","Aves","CC-BY-NC"
"99",-76.61138,44.2206383333,"2022-09-01","Monarch","Danaus plexippus","https://inaturalist-open-data.s3.amazonaws.com/photos/226909981/medium.jpg","Insecta","CC-BY-NC"
"100",-76.6147533333,44.2218383333,"2022-09-01","rough cocklebur","Xanthium strumarium","https://inaturalist-open-data.s3.amazonaws.com/photos/226909519/medium.jpg","Plantae","CC-BY-NC"
"101",-76.612330963,44.2237643202,"2022-08-31","Downy Woodpecker","Dryobates pubescens","https://inaturalist-open-data.s3.amazonaws.com/photos/226698860/medium.jpg","Aves","CC-BY-NC"
"102",-76.6108778912,44.2237681598,"2022-08-31","Fungi Including Lichens","Fungi","https://inaturalist-open-data.s3.amazonaws.com/photos/226698147/medium.jpg","Fungi","CC-BY-NC"
"103",-76.6122155614,44.2227205983,"2022-08-31","Monarch","Danaus plexippus","https://inaturalist-open-data.s3.amazonaws.com/photos/226696476/medium.jpg","Insecta","CC-BY-NC"
"104",-76.6121291644,44.2227051011,"2022-08-31","plants","Plantae","https://inaturalist-open-data.s3.amazonaws.com/photos/226695869/medium.jpg","Plantae","CC-BY-NC"
"105",-76.6138663598,44.2259284042,"2022-08-31","Mute Swan","Cygnus olor","https://inaturalist-open-data.s3.amazonaws.com/photos/226695199/medium.jpg","Aves","CC-BY-NC"
"106",-76.610367,44.220673,"2022-08-25","Black Saddlebags","Tramea lacerata","https://inaturalist-open-data.s3.amazonaws.com/photos/225347824/medium.jpg","Insecta","CC-BY"
"107",-76.612968,44.220528,"2022-08-25","Cedar Waxwing","Bombycilla cedrorum","https://inaturalist-open-data.s3.amazonaws.com/photos/225347792/medium.jpg","Aves","CC-BY"
"108",-76.617363,44.224518,"2022-08-25","Black-capped Chickadee","Poecile atricapillus","https://inaturalist-open-data.s3.amazonaws.com/photos/225347717/medium.jpg","Aves","CC-BY"
"109",-76.617363,44.224518,"2022-08-25","White-breasted Nuthatch","Sitta carolinensis","https://inaturalist-open-data.s3.amazonaws.com/photos/225347678/medium.jpg","Aves","CC-BY"
"110",-76.616814,44.2260929999,"2022-08-25","Yellow Warbler","Setophaga petechia","https://inaturalist-open-data.s3.amazonaws.com/photos/225347654/medium.jpg","Aves","CC-BY"
"111",-76.616814,44.2260929999,"2022-08-25","Yellow Warbler","Setophaga petechia","https://inaturalist-open-data.s3.amazonaws.com/photos/225347633/medium.jpg","Aves","CC-BY"
"112",-76.616783,44.226158,"2022-08-25","Black-throated Blue Warbler","Setophaga caerulescens","https://inaturalist-open-data.s3.amazonaws.com/photos/225347608/medium.jpg","Aves","CC-BY"
"113",-76.616783,44.226158,"2022-08-25","Bay-breasted Warbler","Setophaga castanea","https://inaturalist-open-data.s3.amazonaws.com/photos/225347535/medium.jpg","Aves","CC-BY"
"114",-76.616783,44.226158,"2022-08-25","American Redstart","Setophaga ruticilla","https://inaturalist-open-data.s3.amazonaws.com/photos/225347512/medium.jpg","Aves","CC-BY"
"115",-76.616783,44.226158,"2022-08-25","Black-and-white Warbler","Mniotilta varia","https://inaturalist-open-data.s3.amazonaws.com/photos/225347484/medium.jpg","Aves","CC-BY"
"116",-76.614372,44.230885,"2022-08-25","Double-crested Cormorant","Phalacrocorax auritus","https://inaturalist-open-data.s3.amazonaws.com/photos/225347463/medium.jpg","Aves","CC-BY"
"117",-76.614098,44.231384,"2022-08-25","Mallard","Anas platyrhynchos","https://inaturalist-open-data.s3.amazonaws.com/photos/225347408/medium.jpg","Aves","CC-BY"
"118",-76.614098,44.231384,"2022-08-25","Canada Goose","Branta canadensis","https://inaturalist-open-data.s3.amazonaws.com/photos/225347332/medium.jpg","Aves","CC-BY"
"119",-76.614098,44.231384,"2022-08-25","Killdeer","Charadrius vociferus","https://inaturalist-open-data.s3.amazonaws.com/photos/225347245/medium.jpg","Aves","CC-BY"
"120",-76.6139069999,44.231709,"2022-08-25","Common Ringlet","Coenonympha california","https://inaturalist-open-data.s3.amazonaws.com/photos/225347215/medium.jpg","Insecta","CC-BY"
"121",-76.611496,44.232376,"2022-08-25","Wild Turkey","Meleagris gallopavo","https://inaturalist-open-data.s3.amazonaws.com/photos/225347191/medium.jpg","Aves","CC-BY"
"122",-76.609436,44.232563,"2022-08-25","Osprey","Pandion haliaetus","https://inaturalist-open-data.s3.amazonaws.com/photos/225347156/medium.jpg","Aves","CC-BY"
"123",-76.609619,44.233566,"2022-08-25","Bald-faced Hornet","Dolichovespula maculata","https://inaturalist-open-data.s3.amazonaws.com/photos/225347136/medium.jpg","Insecta","CC-BY"
"124",-76.609619,44.233566,"2022-08-25","Ruby-throated Hummingbird","Archilochus colubris","https://inaturalist-open-data.s3.amazonaws.com/photos/225347109/medium.jpg","Aves","CC-BY"
"125",-76.609695,44.233341,"2022-08-25","Viceroy","Limenitis archippus","https://inaturalist-open-data.s3.amazonaws.com/photos/225347017/medium.jpg","Insecta","CC-BY"
"126",-76.609695,44.233341,"2022-08-25","Monarch","Danaus plexippus","https://inaturalist-open-data.s3.amazonaws.com/photos/225346996/medium.jpg","Insecta","CC-BY"
"127",-76.609695,44.233341,"2022-08-25","Small White","Pieris rapae","https://inaturalist-open-data.s3.amazonaws.com/photos/225346967/medium.jpg","Insecta","CC-BY"
"128",-76.607262,44.228951,"2022-08-25","Common Garter Snake","Thamnophis sirtalis","https://inaturalist-open-data.s3.amazonaws.com/photos/225346870/medium.jpg","Reptilia","CC-BY"
"129",-76.607361,44.228264,"2022-08-25","Common Green Darner","Anax junius","https://inaturalist-open-data.s3.amazonaws.com/photos/225346811/medium.jpg","Insecta","CC-BY"
"130",-76.607109,44.227654,"2022-08-25","Least Skipper","Ancyloxypha numitor","https://inaturalist-open-data.s3.amazonaws.com/photos/225346782/medium.jpg","Insecta","CC-BY"
"131",-76.60672,44.2243,"2022-08-25","Dekay's Brownsnake","Storeria dekayi","https://inaturalist-open-data.s3.amazonaws.com/photos/225346722/medium.jpg","Reptilia","CC-BY"
"132",-76.60672,44.2243,"2022-08-25","Monarch","Danaus plexippus","https://inaturalist-open-data.s3.amazonaws.com/photos/225346687/medium.jpg","Insecta","CC-BY"
"133",-76.606461,44.220352,"2022-08-25","House Sparrow","Passer domesticus","https://inaturalist-open-data.s3.amazonaws.com/photos/225346661/medium.jpg","Aves","CC-BY"
"134",-76.606415,44.220249,"2022-08-25","Northern Crescent","Phyciodes cocyta","https://inaturalist-open-data.s3.amazonaws.com/photos/225346592/medium.jpg","Insecta","CC-BY"
"135",-76.606758,44.220276,"2022-08-25","Barn Swallow","Hirundo rustica","https://inaturalist-open-data.s3.amazonaws.com/photos/225346563/medium.jpg","Aves","CC-BY"
"136",-76.606575,44.220325,"2022-08-25","Black Saddlebags","Tramea lacerata","https://inaturalist-open-data.s3.amazonaws.com/photos/225346486/medium.jpg","Insecta","CC-BY"
"137",-76.6068109722,44.224952,"2022-08-24","Artist's Brackets, Reishi, and Allies","Ganoderma","https://inaturalist-open-data.s3.amazonaws.com/photos/225146159/medium.jpeg","Fungi","CC0"
"138",-76.6064719926,44.2225480665,"2022-08-22","","Agaricomycetes","https://inaturalist-open-data.s3.amazonaws.com/photos/224766023/medium.jpg","Fungi","CC-BY-NC"
"139",-76.6061850693,44.2214400355,"2022-08-22","hexagonal-pored polypore","Neofavolus alveolaris","https://inaturalist-open-data.s3.amazonaws.com/photos/224765807/medium.jpg","Fungi","CC-BY-NC"
"140",-76.6124259,44.2253661,"2022-08-20","chicken of the woods","Laetiporus sulphureus","https://inaturalist-open-data.s3.amazonaws.com/photos/224864973/medium.jpeg","Fungi","CC-BY-NC"
"141",-76.6110603,44.2279613997,"2022-08-20","black maple","Acer nigrum","https://inaturalist-open-data.s3.amazonaws.com/photos/224598527/medium.jpeg","Plantae","CC-BY-NC"
"142",-76.6064616667,44.2216133333,"2022-08-22","","Neofavolus","https://inaturalist-open-data.s3.amazonaws.com/photos/224555688/medium.jpg","Fungi","CC-BY-NC"
"143",-76.6064833333,44.22155,"2022-08-22","wood asters","Eurybia","https://inaturalist-open-data.s3.amazonaws.com/photos/224555579/medium.jpg","Plantae","CC-BY-NC"
"144",-76.6064833333,44.22158,"2022-08-22","wood asters","Eurybia","https://inaturalist-open-data.s3.amazonaws.com/photos/224555464/medium.jpg","Plantae","CC-BY-NC"
"145",-76.6081866667,44.237145,"2022-05-31","wild geranium","Geranium maculatum","https://inaturalist-open-data.s3.amazonaws.com/photos/223795701/medium.jpg","Plantae","CC-BY-NC"
"146",-76.6119125997,44.2280244997,"2022-08-09","chicken of the woods","Laetiporus sulphureus","https://inaturalist-open-data.s3.amazonaws.com/photos/222180339/medium.jpeg","Fungi","CC-BY-NC"
"147",-76.6065453346,44.2178042693,"2022-08-08","guelder-rose","Viburnum opulus","https://inaturalist-open-data.s3.amazonaws.com/photos/221061547/medium.jpg","Plantae","CC-BY-NC"
"148",-76.606536528,44.2178545143,"2022-08-08","Eastern Garter Snake","Thamnophis sirtalis sirtalis","https://inaturalist-open-data.s3.amazonaws.com/photos/221033445/medium.jpg","Reptilia","CC-BY-NC"
"149",-76.6101216667,44.2317866667,"2022-08-06","Eastern Chipmunk","Tamias striatus","https://inaturalist-open-data.s3.amazonaws.com/photos/220564333/medium.jpg","Mammalia","CC-BY-NC"
"150",-76.6100466667,44.2317716667,"2022-08-06","Fungi Including Lichens","Fungi","https://inaturalist-open-data.s3.amazonaws.com/photos/220564217/medium.jpg","Fungi","CC-BY-NC"
"151",-76.6109466667,44.2307666667,"2022-08-06","Wild Turkey","Meleagris gallopavo","https://inaturalist-open-data.s3.amazonaws.com/photos/220564192/medium.jpg","Aves","CC-BY-NC"
"152",-76.6110466667,44.2304616667,"2022-08-06","plants","Plantae","https://inaturalist-open-data.s3.amazonaws.com/photos/220563969/medium.jpg","Plantae","CC-BY-NC"
"153",-76.6119216667,44.2296866667,"2022-08-06","Downy Woodpecker","Dryobates pubescens","https://inaturalist-open-data.s3.amazonaws.com/photos/220563924/medium.jpg","Aves","CC-BY-NC"
"154",-76.6119216667,44.2296866667,"2022-08-06","White-breasted Nuthatch","Sitta carolinensis","https://inaturalist-open-data.s3.amazonaws.com/photos/220563873/medium.jpg","Aves","CC-BY-NC"
"155",-76.61072,44.22748,"2022-08-06","North American Luna Moth","Actias luna","https://inaturalist-open-data.s3.amazonaws.com/photos/220563770/medium.jpg","Insecta","CC-BY-NC"
"156",-76.610405,44.227055,"2022-08-06","goldenrods","Solidago","https://inaturalist-open-data.s3.amazonaws.com/photos/220563711/medium.jpg","Plantae","CC-BY-NC"
"157",-76.6102533333,44.2269116667,"2022-08-06","Monarch","Danaus plexippus","https://inaturalist-open-data.s3.amazonaws.com/photos/220563626/medium.jpg","Insecta","CC-BY-NC"
"158",-76.610305,44.2269166667,"2022-08-06","Crescents","Phyciodes","https://inaturalist-open-data.s3.amazonaws.com/photos/220563536/medium.jpg","Insecta","CC-BY-NC"
"159",-76.6103133333,44.2269466667,"2022-08-06","Monarch","Danaus plexippus","https://inaturalist-open-data.s3.amazonaws.com/photos/220563422/medium.jpg","Insecta","CC-BY-NC"
"160",-76.6104283333,44.226845,"2022-08-06","Eastern Tailed-Blue","Cupido comyntas","https://inaturalist-open-data.s3.amazonaws.com/photos/220563384/medium.jpg","Insecta","CC-BY-NC"
"161",-76.6103833333,44.2269216667,"2022-08-06","Northern Crescent","Phyciodes cocyta","https://inaturalist-open-data.s3.amazonaws.com/photos/220563298/medium.jpg","Insecta","CC-BY-NC"
"162",-76.6106416667,44.2266783333,"2022-08-06","Three-banded Lady Beetle","Coccinella trifasciata","https://inaturalist-open-data.s3.amazonaws.com/photos/220563221/medium.jpg","Insecta","CC-BY-NC"
"163",-76.6105416667,44.226895,"2022-08-06","Pearl Crescent","Phyciodes tharos","https://inaturalist-open-data.s3.amazonaws.com/photos/220563136/medium.jpg","Insecta","CC-BY-NC"
"164",-76.61213,44.2254833333,"2022-08-06","Mourning Dove","Zenaida macroura","https://inaturalist-open-data.s3.amazonaws.com/photos/220563032/medium.jpg","Aves","CC-BY-NC"
"165",-76.61283,44.2254633333,"2022-08-06","Northern Cardinal","Cardinalis cardinalis","https://inaturalist-open-data.s3.amazonaws.com/photos/220562988/medium.jpg","Aves","CC-BY-NC"
"166",-76.6124283333,44.2255216667,"2022-08-06","Northern Cardinal","Cardinalis cardinalis","https://inaturalist-open-data.s3.amazonaws.com/photos/220562845/medium.jpg","Aves","CC-BY-NC"
"167",-76.6130216667,44.22543,"2022-08-06","American Redstart","Setophaga ruticilla","https://inaturalist-open-data.s3.amazonaws.com/photos/220562723/medium.jpg","Aves","CC-BY-NC"
"168",-76.613075,44.2254333333,"2022-08-06","Blue Jay","Cyanocitta cristata","https://inaturalist-open-data.s3.amazonaws.com/photos/220562632/medium.jpg","Aves","CC-BY-NC"
"169",-76.6131366667,44.2253783333,"2022-08-06","Insects","Insecta","https://inaturalist-open-data.s3.amazonaws.com/photos/220562551/medium.jpg","Insecta","CC-BY-NC"
"170",-76.6130616667,44.2253966667,"2022-08-06","grapes and allies","Vitales","https://inaturalist-open-data.s3.amazonaws.com/photos/220562480/medium.jpg","Plantae","CC-BY-NC"
"171",-76.6113283333,44.2296216667,"2022-08-06","Birds","Aves","https://inaturalist-open-data.s3.amazonaws.com/photos/220562199/medium.jpg","Aves","CC-BY-NC"
"172",-76.6105416667,44.2268966667,"2022-08-06","Pearl Crescent","Phyciodes tharos","https://inaturalist-open-data.s3.amazonaws.com/photos/220550274/medium.jpg","Insecta","CC-BY-NC"
"173",-76.6073133333,44.23708,"2022-08-06","wood nettle","Laportea canadensis","https://inaturalist-open-data.s3.amazonaws.com/photos/220411699/medium.jpg","Plantae","CC-BY-NC"
"174",-76.6092207621,44.2205863599,"2022-08-05","Monarch","Danaus plexippus","https://inaturalist-open-data.s3.amazonaws.com/photos/220178650/medium.jpg","Insecta","CC-BY-NC"
"175",-76.6090316792,44.2205079829,"2022-08-05","dicots","Magnoliopsida","https://inaturalist-open-data.s3.amazonaws.com/photos/220178603/medium.jpg","Plantae","CC-BY-NC"
"176",-76.6092256235,44.2206014616,"2022-08-05","common milkweed","Asclepias syriaca","https://inaturalist-open-data.s3.amazonaws.com/photos/220177987/medium.jpg","Plantae","CC-BY-NC"
"177",-76.609689,44.2323542,"2022-08-04","Fungi Including Lichens","Fungi","https://inaturalist-open-data.s3.amazonaws.com/photos/220043152/medium.jpg","Fungi","CC-BY-NC"
"178",-76.609755,44.23268833,"2022-07-26","Monarch","Danaus plexippus","https://inaturalist-open-data.s3.amazonaws.com/photos/219678257/medium.jpg","Insecta","CC-BY-NC"
"179",-76.6146232763,44.2284178512,"2022-08-02","false bindweeds","Calystegia","https://inaturalist-open-data.s3.amazonaws.com/photos/219425745/medium.jpg","Plantae","CC-BY-NC"
"180",-76.6148616667,44.2282716667,"2022-06-28","Philadelphia fleabane","Erigeron philadelphicus","https://inaturalist-open-data.s3.amazonaws.com/photos/218614384/medium.jpg","Plantae","CC-BY-NC"
"181",-76.610917901,44.2321390696,"2022-07-29","Monarch","Danaus plexippus","https://inaturalist-open-data.s3.amazonaws.com/photos/218447668/medium.jpg","Insecta","CC-BY-NC"
"182",-76.6110496223,44.2273570489,"2022-07-23","Summer Azure","Celastrina neglecta","https://inaturalist-open-data.s3.amazonaws.com/photos/217544166/medium.jpeg","Insecta","CC-BY-NC"
"183",-76.6085206345,44.2292317006,"2022-07-23","Song Sparrow","Melospiza melodia","https://inaturalist-open-data.s3.amazonaws.com/photos/217543970/medium.jpeg","Aves","CC-BY-NC"
"184",-76.6144,44.231975,"2022-07-24","common milkweed","Asclepias syriaca","https://inaturalist-open-data.s3.amazonaws.com/photos/216968268/medium.jpeg","Plantae","CC-BY-NC"
"185",-76.6144,44.231975,"2022-07-24","Eyed Brown","Lethe eurydice","https://inaturalist-open-data.s3.amazonaws.com/photos/216968136/medium.jpeg","Insecta","CC-BY-NC"
"186",-76.6156833333,44.2268694444,"2022-07-24","Hoof Fungus","Fomes fomentarius","https://inaturalist-open-data.s3.amazonaws.com/photos/216966562/medium.jpeg","Fungi","CC-BY-NC"
"187",-76.614175,44.231425,"2022-07-24","great mullein","Verbascum thapsus","https://inaturalist-open-data.s3.amazonaws.com/photos/216966118/medium.jpeg","Plantae","CC-BY-NC"
"188",-76.61565,44.2275833333,"2022-07-24","Solomon's plume","Maianthemum racemosum","https://inaturalist-open-data.s3.amazonaws.com/photos/216965776/medium.jpeg","Plantae","CC-BY-NC"
"189",-76.6142,44.2298722222,"2022-07-24","Yellow Iris","Iris pseudacorus","https://inaturalist-open-data.s3.amazonaws.com/photos/216965559/medium.jpeg","Plantae","CC-BY-NC"
"190",-76.616925,44.2261638889,"2022-07-24","chicken of the woods","Laetiporus sulphureus","https://inaturalist-open-data.s3.amazonaws.com/photos/216965079/medium.jpeg","Fungi","CC-BY-NC"
"191",-76.6146722222,44.2286805556,"2022-07-24","Double-crested Cormorant","Phalacrocorax auritus","https://inaturalist-open-data.s3.amazonaws.com/photos/216961681/medium.jpeg","Aves","CC-BY-NC"
"192",-76.6106055556,44.2310194444,"2022-07-24","Wild Turkey","Meleagris gallopavo","https://inaturalist-open-data.s3.amazonaws.com/photos/216960689/medium.jpeg","Aves","CC-BY-NC"
"193",-76.616225,44.2264666667,"2022-07-24","crown-tipped coral fungus","Artomyces pyxidatus","https://inaturalist-open-data.s3.amazonaws.com/photos/216960208/medium.jpeg","Fungi","CC-BY-NC"
"194",-76.6167037222,44.2254365278,"2022-07-23","purple-flowered raspberry","Rubus odoratus","https://inaturalist-open-data.s3.amazonaws.com/photos/216596747/medium.jpeg","Plantae","CC-BY-NC"
"195",-76.6179551111,44.2225327222,"2022-07-23","Loosestrifes","Lysimachia","https://inaturalist-open-data.s3.amazonaws.com/photos/216596492/medium.jpeg","Plantae","CC-BY-NC"
"196",-76.6174770556,44.2190559722,"2022-07-23","Broad-leafed Helleborine","Epipactis helleborine","https://inaturalist-open-data.s3.amazonaws.com/photos/216596387/medium.jpeg","Plantae","CC-BY-NC"
"197",-76.6069877778,44.2193827778,"2022-07-23","flowering plants","Angiospermae","https://inaturalist-open-data.s3.amazonaws.com/photos/216595037/medium.jpeg","Plantae","CC-BY-NC"
"198",-76.6120784722,44.2351425,"2022-07-23","Wild Turkey","Meleagris gallopavo","https://inaturalist-open-data.s3.amazonaws.com/photos/216594407/medium.jpeg","Aves","CC-BY-NC"
"199",-76.612455519,44.2205732782,"2022-07-22","American Goldfinch","Spinus tristis","https://inaturalist-open-data.s3.amazonaws.com/photos/216188215/medium.jpg","Aves","CC-BY-NC"
"200",-76.606407,44.218685,"2022-07-16","Baltimore Oriole","Icterus galbula","https://inaturalist-open-data.s3.amazonaws.com/photos/215005609/medium.jpg","Aves","CC-BY"
"201",-76.6144918375,44.2292714999,"2022-07-13","Ring-billed Gull","Larus delawarensis","https://inaturalist-open-data.s3.amazonaws.com/photos/213936280/medium.jpg","Aves","CC-BY-NC"
"202",-76.6093280574,44.2247730548,"2022-07-09","Northern Watersnake","Nerodia sipedon sipedon","https://inaturalist-open-data.s3.amazonaws.com/photos/212857232/medium.jpg","Reptilia","CC-BY-NC"
"203",-76.6102171019,44.2248774516,"2022-07-09","red baneberry","Actaea rubra","https://inaturalist-open-data.s3.amazonaws.com/photos/212856162/medium.jpg","Plantae","CC-BY-NC"
"204",-76.607674446,44.2245103298,"2022-07-09","Eastern Chipmunk","Tamias striatus","https://inaturalist-open-data.s3.amazonaws.com/photos/212855942/medium.jpg","Mammalia","CC-BY-NC"
"205",-76.6101059676,44.2222349969,"2022-07-09","","Inula","https://inaturalist-open-data.s3.amazonaws.com/photos/212855596/medium.jpg","Plantae","CC-BY-NC"
"206",-76.6152633333,44.223705,"2022-07-07","","Aphis","https://inaturalist-open-data.s3.amazonaws.com/photos/212348197/medium.jpg","Insecta","CC0"
"207",-76.6142116667,44.2293866667,"2022-07-07","Red Dock Spot","Ramularia rubella","https://inaturalist-open-data.s3.amazonaws.com/photos/212348086/medium.jpg","Fungi","CC0"
"208",-76.6168133333,44.21867,"2022-07-07","black knot","Apiosporina morbosa","https://inaturalist-open-data.s3.amazonaws.com/photos/212348049/medium.jpg","Fungi","CC0"
"209",-76.6068416667,44.2221833333,"2022-07-05","basswood","Tilia americana","https://inaturalist-open-data.s3.amazonaws.com/photos/211718720/medium.jpg","Plantae","CC-BY-NC"
"210",-76.6111270712,44.2307702825,"2022-07-02","Blue Jay","Cyanocitta cristata","https://inaturalist-open-data.s3.amazonaws.com/photos/210812221/medium.jpg","Aves","CC-BY-NC"
"211",-76.6098542841,44.2227992484,"2022-06-30","Monarch","Danaus plexippus","https://inaturalist-open-data.s3.amazonaws.com/photos/210472114/medium.jpeg","Insecta","CC-BY-NC"
"212",-76.613275,44.222855,"2022-06-28","willow dock","Rumex salicifolius","https://inaturalist-open-data.s3.amazonaws.com/photos/210138541/medium.jpg","Plantae","CC-BY-NC"
"213",-76.6118383333,44.2231116667,"2022-06-28","fox sedge","Carex vulpinoidea","https://inaturalist-open-data.s3.amazonaws.com/photos/210138406/medium.jpg","Plantae","CC-BY-NC"
"214",-76.60665,44.22118,"2022-06-28","Elecampane","Inula helenium","https://inaturalist-open-data.s3.amazonaws.com/photos/210138260/medium.jpg","Plantae","CC-BY-NC"
"215",-76.6143633333,44.2204283333,"2022-06-28","Common Marsh-bedstraw","Galium palustre","https://inaturalist-open-data.s3.amazonaws.com/photos/210138203/medium.jpg","Plantae","CC-BY-NC"
"216",-76.6182466667,44.2198916667,"2022-06-26","hairy beardtongue","Penstemon hirsutus","https://inaturalist-open-data.s3.amazonaws.com/photos/209314980/medium.jpg","Plantae","CC-BY-NC"
"217",-76.614425,44.228655,"2022-06-25","Eyed Brown","Lethe eurydice","https://inaturalist-open-data.s3.amazonaws.com/photos/209016728/medium.jpg","Insecta","CC-BY-NC"
"218",-76.6080033333,44.2234083333,"2022-06-23","pointed broom sedge","Carex scoparia","https://inaturalist-open-data.s3.amazonaws.com/photos/208816416/medium.jpg","Plantae","CC-BY-NC"
"219",-76.6156,44.220375,"2022-06-23","Catling's avens","Geum Ã— catlingii","https://inaturalist-open-data.s3.amazonaws.com/photos/208815952/medium.jpg","Plantae","CC-BY-NC"
"220",-76.6125592436,44.2242976126,"2022-06-22","Barred Owl","Strix varia","https://inaturalist-open-data.s3.amazonaws.com/photos/208337233/medium.jpg","Aves","CC-BY-NC"
"221",-76.6102905895,44.2228164381,"2022-06-22","bedstraws","Galium","https://inaturalist-open-data.s3.amazonaws.com/photos/208337037/medium.jpg","Plantae","CC-BY-NC"
"222",-76.611263368,44.2237313299,"2022-06-22","meadow anemone","Anemonastrum canadense","https://inaturalist-open-data.s3.amazonaws.com/photos/208336870/medium.jpg","Plantae","CC-BY-NC"
"223",-76.6096654602,44.2232869441,"2022-06-22","House Sparrow","Passer domesticus","https://inaturalist-open-data.s3.amazonaws.com/photos/208336737/medium.jpg","Aves","CC-BY-NC"
"224",-76.6129590045,44.2223911386,"2022-06-22","roses","Rosa","https://inaturalist-open-data.s3.amazonaws.com/photos/208336492/medium.jpg","Plantae","CC-BY-NC"
"225",-76.6068288374,44.2238764608,"2022-06-22","Irises","Iris","https://inaturalist-open-data.s3.amazonaws.com/photos/208336349/medium.jpg","Plantae","CC-BY-NC"
"226",-76.610328847,44.2224811593,"2022-06-22","Canada Goose","Branta canadensis","https://inaturalist-open-data.s3.amazonaws.com/photos/208336210/medium.jpg","Aves","CC-BY-NC"
"227",-76.6090993683,44.2248884989,"2022-06-22","European reed","Phragmites australis australis","https://inaturalist-open-data.s3.amazonaws.com/photos/208336007/medium.jpg","Plantae","CC-BY-NC"
"228",-76.61066425,44.2239747163,"2022-06-22","Bonnets","Mycena","https://inaturalist-open-data.s3.amazonaws.com/photos/208333932/medium.jpg","Fungi","CC-BY-NC"
"229",-76.6089586542,44.2233125624,"2022-06-22","Fungi Including Lichens","Fungi","https://inaturalist-open-data.s3.amazonaws.com/photos/208333433/medium.jpg","Fungi","CC-BY-NC"
"230",-76.607937824,44.2241983102,"2022-06-22","flowering plants","Angiospermae","https://inaturalist-open-data.s3.amazonaws.com/photos/208332738/medium.jpg","Plantae","CC-BY-NC"
"231",-76.6094786493,44.2219662305,"2022-06-22","","Campaea","https://inaturalist-open-data.s3.amazonaws.com/photos/208332512/medium.jpg","Insecta","CC-BY-NC"
"232",-76.6105917884,44.2238970885,"2022-06-22","pines","Pinus","https://inaturalist-open-data.s3.amazonaws.com/photos/208332315/medium.jpg","Plantae","CC-BY-NC"
"233",-76.6109505924,44.2227442638,"2022-06-22","bracket fungi","Polyporaceae","https://inaturalist-open-data.s3.amazonaws.com/photos/208331976/medium.jpg","Fungi","CC-BY-NC"
"234",-76.6095095425,44.2243592087,"2022-06-22","orange mycena","Mycena leaiana","https://inaturalist-open-data.s3.amazonaws.com/photos/208331567/medium.jpg","Fungi","CC-BY-NC"
"235",-76.6097896142,44.224100039,"2022-06-22","Bleeding Fairy Helmet","Mycena haematopus","https://inaturalist-open-data.s3.amazonaws.com/photos/208331334/medium.jpg","Fungi","CC-BY-NC"
"236",-76.6106279431,44.2237582877,"2022-06-22","Fungi Including Lichens","Fungi","https://inaturalist-open-data.s3.amazonaws.com/photos/208331160/medium.jpg","Fungi","CC-BY-NC"
"237",-76.6108569263,44.2246145446,"2022-06-22","Dryad's Saddle","Cerioporus squamosus","https://inaturalist-open-data.s3.amazonaws.com/photos/208330867/medium.jpg","Fungi","CC-BY-NC"
"238",-76.6079365087,44.2217606719,"2022-06-22","Mallard","Anas platyrhynchos","https://inaturalist-open-data.s3.amazonaws.com/photos/208330693/medium.jpg","Aves","CC-BY-NC"
"239",-76.612433243,44.2212297253,"2022-06-22","amanita mushrooms","Amanita","https://inaturalist-open-data.s3.amazonaws.com/photos/208224382/medium.jpg","Fungi","CC-BY-NC"
"240",-76.613958128,44.2242445859,"2022-06-22","brambles","Rubus","https://inaturalist-open-data.s3.amazonaws.com/photos/208224089/medium.jpg","Plantae","CC-BY-NC"
"241",-76.6058583333,44.2332633333,"2022-06-21","fleabanes and horseweeds","Erigeron","https://inaturalist-open-data.s3.amazonaws.com/photos/208090935/medium.jpg","Plantae","CC-BY-NC"
"242",-76.6106333333,44.2273116667,"2022-06-19","Eastern Gray Squirrel","Sciurus carolinensis","https://inaturalist-open-data.s3.amazonaws.com/photos/207689521/medium.jpg","Mammalia","CC-BY-NC"
"243",-76.6149666667,44.22815,"2022-06-17","Odorous Ants","Dolichoderinae","https://inaturalist-open-data.s3.amazonaws.com/photos/207590838/medium.jpg","Insecta","CC-BY-NC"
"244",-76.6143333333,44.2296,"2022-06-17","Holarctic Mallard","Anas platyrhynchos platyrhynchos","https://inaturalist-open-data.s3.amazonaws.com/photos/207590612/medium.jpg","Aves","CC-BY-NC"
"245",-76.6136166667,44.2301466667,"2022-06-17","tufted vetch","Vicia cracca","https://inaturalist-open-data.s3.amazonaws.com/photos/207590559/medium.jpg","Plantae","CC-BY-NC"
"246",-76.6144633333,44.2286083333,"2022-06-17","meadow anemone","Anemonastrum canadense","https://inaturalist-open-data.s3.amazonaws.com/photos/207590523/medium.jpg","Plantae","CC-BY-NC"
"247",-76.6144633333,44.2283666667,"2022-06-17","purple-flowered raspberry","Rubus odoratus","https://inaturalist-open-data.s3.amazonaws.com/photos/207590487/medium.jpg","Plantae","CC-BY-NC"
"248",-76.6169583333,44.2263833333,"2022-06-17","mosses","Bryophyta","https://inaturalist-open-data.s3.amazonaws.com/photos/207590398/medium.jpg","Plantae","CC-BY-NC"
"249",-76.61515,44.22813,"2022-06-17","crimped gill","Plicaturopsis crispa","https://inaturalist-open-data.s3.amazonaws.com/photos/207590325/medium.jpg","Fungi","CC-BY-NC"
"250",-76.6165783333,44.2266366667,"2022-06-17","Eastern Chipmunk","Tamias striatus","https://inaturalist-open-data.s3.amazonaws.com/photos/207590269/medium.jpg","Mammalia","CC-BY-NC"
"251",-76.61512,44.2281383333,"2022-06-17","orange mycena","Mycena leaiana","https://inaturalist-open-data.s3.amazonaws.com/photos/207590154/medium.jpg","Fungi","CC-BY-NC"
"252",-76.6169966667,44.2248583333,"2022-06-17","Poplar Bracket","Rigidoporus populinus","https://inaturalist-open-data.s3.amazonaws.com/photos/207590078/medium.jpg","Fungi","CC-BY-NC"
"253",-76.6171416667,44.224255,"2022-06-17","Dead Moll's Fingers","Xylaria longipes","https://inaturalist-open-data.s3.amazonaws.com/photos/207589874/medium.jpg","Fungi","CC-BY-NC"
"254",-76.61805,44.22067,"2022-06-17","Fungi Including Lichens","Fungi","https://inaturalist-open-data.s3.amazonaws.com/photos/207589685/medium.jpg","Fungi","CC-BY-NC"
"255",-76.6152283333,44.2204133333,"2022-06-17","Eastern Gray Squirrel","Sciurus carolinensis","https://inaturalist-open-data.s3.amazonaws.com/photos/207589503/medium.jpg","Mammalia","CC-BY-NC"
"256",-76.6151966667,44.220295,"2022-06-17","Blue Jay","Cyanocitta cristata","https://inaturalist-open-data.s3.amazonaws.com/photos/207589062/medium.jpg","Aves","CC-BY-NC"
"257",-76.6152416667,44.2204083333,"2022-06-17","Eastern Cowbird","Molothrus ater ater","https://inaturalist-open-data.s3.amazonaws.com/photos/207588849/medium.jpg","Aves","CC-BY-NC"
"258",-76.6121718987,44.2255257676,"2022-06-19","roses","Rosa","https://inaturalist-open-data.s3.amazonaws.com/photos/207432334/medium.jpg","Plantae","CC-BY-NC"
"259",-76.6113556487,44.2256892126,"2022-06-19","sulphur cinquefoil","Potentilla recta","https://inaturalist-open-data.s3.amazonaws.com/photos/207432251/medium.jpg","Plantae","CC-BY-NC"
"260",-76.6071970191,44.2226407378,"2022-06-19","tufted vetch","Vicia cracca","https://inaturalist-open-data.s3.amazonaws.com/photos/207424831/medium.jpg","Plantae","CC-BY-NC"
"261",-76.6141544,44.2335538997,"2022-06-17","daisy fleabane","Erigeron strigosus","https://inaturalist-open-data.s3.amazonaws.com/photos/207058492/medium.jpeg","Plantae","CC-BY-NC"
"262",-76.6123761997,44.2343248,"2022-06-17","","Convolvuleae","https://inaturalist-open-data.s3.amazonaws.com/photos/207058369/medium.jpeg","Plantae","CC-BY-NC"
"263",-76.6140517997,44.2335628,"2022-06-17","","Coprinellus","https://inaturalist-open-data.s3.amazonaws.com/photos/207058303/medium.jpeg","Fungi","CC-BY-NC"
"264",-76.6144228354,44.233062022,"2022-06-17","Butterflies and Moths","Lepidoptera","https://inaturalist-open-data.s3.amazonaws.com/photos/207058199/medium.jpeg","Insecta","CC-BY-NC"
"265",-76.6127836704,44.2260664044,"2022-06-17","Northern Watersnake","Nerodia sipedon sipedon","https://inaturalist-open-data.s3.amazonaws.com/photos/207057122/medium.jpeg","Reptilia","CC-BY-NC"
"266",-76.6097423741,44.2310709863,"2022-06-16","Downy Woodpecker","Dryobates pubescens","https://inaturalist-open-data.s3.amazonaws.com/photos/206528265/medium.jpg","Aves","CC-BY-NC"
"267",-76.6120013363,44.2258070231,"2022-06-14","White-tailed Deer","Odocoileus virginianus","https://inaturalist-open-data.s3.amazonaws.com/photos/206193953/medium.jpeg","Mammalia","CC-BY-NC"
"268",-76.6091052841,44.2228993966,"2022-06-14","Eastern Meadowlark","Sturnella magna","https://inaturalist-open-data.s3.amazonaws.com/photos/206193057/medium.jpeg","Aves","CC-BY-NC"
"269",-76.6130992827,44.2228419266,"2022-06-14","orange hawkweed","Pilosella aurantiaca","https://inaturalist-open-data.s3.amazonaws.com/photos/206192309/medium.jpeg","Plantae","CC-BY-NC"
"270",-76.60847,44.23468,"2022-05-25","Eastern Kingbird","Tyrannus tyrannus","https://inaturalist-open-data.s3.amazonaws.com/photos/205656686/medium.jpeg","Aves","CC-BY-NC"
"271",-76.60847,44.23486,"2022-05-25","Rose-breasted Grosbeak","Pheucticus ludovicianus","https://inaturalist-open-data.s3.amazonaws.com/photos/205653528/medium.jpeg","Aves","CC-BY-NC"
"272",-76.6065533333,44.2212116667,"2022-06-07","Elecampane","Inula helenium","https://inaturalist-open-data.s3.amazonaws.com/photos/205454102/medium.jpg","Plantae","CC-BY-NC"
"273",-76.6064383333,44.2208366667,"2022-06-06","nannyberry","Viburnum lentago","https://inaturalist-open-data.s3.amazonaws.com/photos/205309456/medium.jpg","Plantae","CC-BY-NC"
"274",-76.61422,44.2294966667,"2022-06-06","Yellow Iris","Iris pseudacorus","https://inaturalist-open-data.s3.amazonaws.com/photos/205309219/medium.jpg","Plantae","CC-BY-NC"
"275",-76.613525,44.23222,"2022-06-06","common silverweed","Argentina anserina","https://inaturalist-open-data.s3.amazonaws.com/photos/205308752/medium.jpg","Plantae","CC-BY-NC"
"276",-76.6104666667,44.2321583333,"2022-06-06","Ring-billed Gull","Larus delawarensis","https://inaturalist-open-data.s3.amazonaws.com/photos/205308518/medium.jpg","Aves","CC-BY-NC"
"277",-76.610305,44.231205,"2022-06-06","Virginia waterleaf","Hydrophyllum virginianum","https://inaturalist-open-data.s3.amazonaws.com/photos/205308091/medium.jpg","Plantae","CC-BY-NC"
"278",-76.6116466667,44.228205,"2022-06-06","Eastern Gray Squirrel","Sciurus carolinensis","https://inaturalist-open-data.s3.amazonaws.com/photos/205307841/medium.jpg","Mammalia","CC-BY-NC"
"279",-76.6108333333,44.22753,"2022-06-06","wild geranium","Geranium maculatum","https://inaturalist-open-data.s3.amazonaws.com/photos/205307497/medium.jpg","Plantae","CC-BY-NC"
"280",-76.6110086468,44.2306937001,"2022-06-10","Black-capped Chickadee","Poecile atricapillus","https://inaturalist-open-data.s3.amazonaws.com/photos/204867508/medium.jpeg","Aves","CC-BY-NC"
"281",-76.6110086468,44.2306937001,"2022-06-10","Downy Woodpecker","Dryobates pubescens","https://inaturalist-open-data.s3.amazonaws.com/photos/204867378/medium.jpeg","Aves","CC-BY-NC"
"282",-76.6123819361,44.2325617553,"2022-06-10","Eastern Garter Snake","Thamnophis sirtalis sirtalis","https://inaturalist-open-data.s3.amazonaws.com/photos/204867234/medium.jpeg","Reptilia","CC-BY-NC"
"283",-76.6123819361,44.2325617553,"2022-06-10","Northern Watersnake","Nerodia sipedon sipedon","https://inaturalist-open-data.s3.amazonaws.com/photos/204866863/medium.jpeg","Reptilia","CC-BY-NC"
"284",-76.6123819361,44.2325617553,"2022-06-10","Red-winged Blackbird","Agelaius phoeniceus","https://inaturalist-open-data.s3.amazonaws.com/photos/204866674/medium.jpeg","Aves","CC-BY-NC"
"285",-76.6110086468,44.2306937001,"2022-05-26","Downy Woodpecker","Dryobates pubescens","https://inaturalist-open-data.s3.amazonaws.com/photos/204866165/medium.jpeg","Aves","CC-BY-NC"
"286",-76.6123819361,44.2325617553,"2022-05-24","Red-winged Blackbird","Agelaius phoeniceus","https://inaturalist-open-data.s3.amazonaws.com/photos/204865860/medium.jpeg","Aves","CC-BY-NC"
"287",-76.6110086468,44.2306937001,"2022-05-26","White-breasted Nuthatch","Sitta carolinensis","https://inaturalist-open-data.s3.amazonaws.com/photos/204865584/medium.jpeg","Aves","CC-BY-NC"
"288",-76.6110086468,44.2306937001,"2022-05-26","White-breasted Nuthatch","Sitta carolinensis","https://inaturalist-open-data.s3.amazonaws.com/photos/204865575/medium.jpeg","Aves","CC-BY-NC"
"289",-76.6110086468,44.2306937001,"2022-05-26","Eastern Gray Squirrel","Sciurus carolinensis","https://inaturalist-open-data.s3.amazonaws.com/photos/204864508/medium.jpeg","Mammalia","CC-BY-NC"
"290",-76.61692,44.22017,"2022-06-07","flowering plants","Angiospermae","https://inaturalist-open-data.s3.amazonaws.com/photos/204126572/medium.jpg","Plantae","CC-BY-NC"
"291",-76.6101083333,44.2206216667,"2022-06-07","buttercup family","Ranunculaceae","https://inaturalist-open-data.s3.amazonaws.com/photos/204127133/medium.jpg","Plantae","CC-BY-NC"
"292",-76.6124403,44.227967,"2022-06-04","wild geranium","Geranium maculatum","https://inaturalist-open-data.s3.amazonaws.com/photos/203328043/medium.jpg","Plantae","CC-BY-NC"
"293",-76.6102741551,44.2219240992,"2022-05-31","Eastern Cottontail","Sylvilagus floridanus","https://inaturalist-open-data.s3.amazonaws.com/photos/202589096/medium.jpeg","Mammalia","CC-BY-NC"
"294",-76.6136169434,44.2225570679,"2022-05-30","","Bombyliinae","https://inaturalist-open-data.s3.amazonaws.com/photos/202087490/medium.jpeg","Insecta","CC-BY-NC"
"295",-76.6116177471,44.234160802,"2022-05-12","Northern Watersnake","Nerodia sipedon sipedon","https://inaturalist-open-data.s3.amazonaws.com/photos/201989047/medium.jpg","Reptilia","CC-BY-NC"
"296",-76.6140874843,44.2334973147,"2022-05-18","Double-crested Cormorant","Phalacrocorax auritus","https://inaturalist-open-data.s3.amazonaws.com/photos/201988497/medium.jpg","Aves","CC-BY-NC"
"297",-76.6148698092,44.2318927793,"2022-05-23","Mallard","Anas platyrhynchos","https://inaturalist-open-data.s3.amazonaws.com/photos/201987253/medium.jpg","Aves","CC-BY-NC"
"298",-76.6108329103,44.2305337571,"2022-05-23","Dryad's Saddle","Cerioporus squamosus","https://inaturalist-open-data.s3.amazonaws.com/photos/201976347/medium.jpg","Fungi","CC-BY-NC"
"299",-76.6114999048,44.2268443083,"2022-05-03","Barred Owl","Strix varia","https://inaturalist-open-data.s3.amazonaws.com/photos/201975726/medium.jpg","Aves","CC-BY-NC"
"300",-76.614029,44.2287389722,"2022-05-26","Mallard","Anas platyrhynchos","https://inaturalist-open-data.s3.amazonaws.com/photos/201537322/medium.jpeg","Aves","CC-BY-NC"
"301",-76.6175383333,44.224105,"2022-05-26","blue phlox","Phlox divaricata","https://inaturalist-open-data.s3.amazonaws.com/photos/200861711/medium.jpg","Plantae","CC-BY-NC"
"302",-76.6119783333,44.2293783333,"2022-05-26","Red-bellied Woodpecker","Melanerpes carolinus","https://inaturalist-open-data.s3.amazonaws.com/photos/200861461/medium.jpg","Aves","CC-BY-NC"
"303",-76.6156756905,44.2206528272,"2022-05-23","House Sparrow","Passer domesticus","https://inaturalist-open-data.s3.amazonaws.com/photos/199987347/medium.jpeg","Aves","CC-BY-NC"
"304",-76.6150319603,44.2205605601,"2022-05-23","American Red Squirrel","Tamiasciurus hudsonicus","https://inaturalist-open-data.s3.amazonaws.com/photos/199986384/medium.jpeg","Mammalia","CC-BY-NC"
"305",-76.6157615212,44.2314163308,"2022-05-18","Northern Watersnake","Nerodia sipedon sipedon","https://inaturalist-open-data.s3.amazonaws.com/photos/199785571/medium.jpeg","Reptilia","CC-BY-NC"
"306",-76.6113030733,44.2324073414,"2022-05-18","Northern Cardinal","Cardinalis cardinalis","https://inaturalist-open-data.s3.amazonaws.com/photos/199784791/medium.jpeg","Aves","CC-BY-NC"
"307",-76.6091790645,44.2248286914,"2022-05-18","grasses","Poaceae","https://inaturalist-open-data.s3.amazonaws.com/photos/198699624/medium.jpg","Plantae","CC-BY-NC"
"308",-76.6083497761,44.2255622931,"2022-05-18","eastern white pine","Pinus strobus","https://inaturalist-open-data.s3.amazonaws.com/photos/198699276/medium.jpg","Plantae","CC-BY-NC"
"309",-76.6120198079,44.2215738892,"2022-05-18","baneberries and cohoshes","Actaea","https://inaturalist-open-data.s3.amazonaws.com/photos/198699092/medium.jpg","Plantae","CC-BY-NC"
"310",-76.6104925785,44.2242420155,"2022-05-18","Blue Jay","Cyanocitta cristata","https://inaturalist-open-data.s3.amazonaws.com/photos/198698895/medium.jpg","Aves","CC-BY-NC"
"311",-76.6110899725,44.2231655308,"2022-05-18","American beech","Fagus grandifolia","https://inaturalist-open-data.s3.amazonaws.com/photos/198698638/medium.jpg","Plantae","CC-BY-NC"
"312",-76.6115596423,44.2228319513,"2022-05-18","Northern Cardinal","Cardinalis cardinalis","https://inaturalist-open-data.s3.amazonaws.com/photos/198698374/medium.jpg","Aves","CC-BY-NC"
"313",-76.6095451328,44.2241017052,"2022-05-18","White-breasted Nuthatch","Sitta carolinensis","https://inaturalist-open-data.s3.amazonaws.com/photos/198698147/medium.jpg","Aves","CC-BY-NC"
"314",-76.6118293,44.2228096416,"2022-05-18","Barred Owl","Strix varia","https://inaturalist-open-data.s3.amazonaws.com/photos/198697953/medium.jpg","Aves","CC-BY-NC"
"315",-76.6109957319,44.2249776073,"2022-05-17","hickories","Carya","https://inaturalist-open-data.s3.amazonaws.com/photos/198464671/medium.jpg","Plantae","CC-BY-NC"
"316",-76.610905475,44.223380637,"2022-05-17","northern lady fern","Athyrium angustum","https://inaturalist-open-data.s3.amazonaws.com/photos/198464291/medium.jpg","Plantae","CC-BY-NC"
"317",-76.6074966617,44.2242726361,"2022-05-17","spring beauties","Claytonia","https://inaturalist-open-data.s3.amazonaws.com/photos/198463804/medium.jpg","Plantae","CC-BY-NC"
"318",-76.6083777118,44.2239191145,"2022-05-17","flowering plants","Angiospermae","https://inaturalist-open-data.s3.amazonaws.com/photos/198463649/medium.jpg","Plantae","CC-BY-NC"
"319",-76.6125024545,44.2229554532,"2022-05-17","violets","Viola","https://inaturalist-open-data.s3.amazonaws.com/photos/198463219/medium.jpg","Plantae","CC-BY-NC"
"320",-76.6106866667,44.2312866667,"2022-05-17","large white trillium","Trillium grandiflorum","https://inaturalist-open-data.s3.amazonaws.com/photos/198376197/medium.jpg","Plantae","CC-BY-NC"
"321",-76.6144510495,44.2296380175,"2022-05-16","Northern Watersnake","Nerodia sipedon sipedon","https://inaturalist-open-data.s3.amazonaws.com/photos/198091529/medium.jpg","Reptilia","CC-BY-NC"
"322",-76.6082084206,44.2323465126,"2022-05-13","Common Watersnake","Nerodia sipedon","https://inaturalist-open-data.s3.amazonaws.com/photos/197702666/medium.jpg","Reptilia","CC-BY-NC"
"323",-76.6106483761,44.2233490145,"2022-05-13","Dekay's Brownsnake","Storeria dekayi","https://inaturalist-open-data.s3.amazonaws.com/photos/197699975/medium.jpg","Reptilia","CC-BY-NC"
"324",-76.6102725646,44.2309573124,"2022-05-14","Eastern Chipmunk","Tamias striatus","https://inaturalist-open-data.s3.amazonaws.com/photos/197587476/medium.jpg","Mammalia","CC-BY-NC"
"325",-76.615905,44.223025,"2022-05-07","Eastern Garter Snake","Thamnophis sirtalis sirtalis","https://inaturalist-open-data.s3.amazonaws.com/photos/197184630/medium.jpg","Reptilia","CC-BY-NC"
"326",-76.6168216667,44.224975,"2022-05-07","Dekay's Brownsnake","Storeria dekayi","https://inaturalist-open-data.s3.amazonaws.com/photos/197184600/medium.jpg","Reptilia","CC-BY-NC"
"327",-76.6106010228,44.2317635748,"2022-05-10","Common Garter Snake","Thamnophis sirtalis","https://static.inaturalist.org/photos/196754703/medium.jpeg","Reptilia","CC-BY-NC"
"328",-76.6098064342,44.2265723023,"2022-05-03","Northern Watersnake","Nerodia sipedon sipedon","https://inaturalist-open-data.s3.amazonaws.com/photos/196744572/medium.jpeg","Reptilia","CC-BY-NC"
"329",-76.609689,44.2323542,"2022-05-10","large white trillium","Trillium grandiflorum","https://inaturalist-open-data.s3.amazonaws.com/photos/196676232/medium.jpg","Plantae","CC-BY-NC"
"330",-76.6066573064,44.2321269168,"2022-05-10","Eastern Chipmunk","Tamias striatus","https://inaturalist-open-data.s3.amazonaws.com/photos/196675984/medium.jpg","Mammalia","CC-BY-NC"
"331",-76.609803061,44.2323399066,"2022-05-09","Black-capped Chickadee","Poecile atricapillus","https://inaturalist-open-data.s3.amazonaws.com/photos/196673300/medium.jpg","Aves","CC-BY-NC"
"332",-76.615825109,44.2217721419,"2022-05-08","Virginia spring beauty","Claytonia virginica","https://inaturalist-open-data.s3.amazonaws.com/photos/196530735/medium.jpg","Plantae","CC-BY-NC"
"333",-76.6175585537,44.2240431759,"2022-05-08","Dekay's Brownsnake","Storeria dekayi","https://inaturalist-open-data.s3.amazonaws.com/photos/196530295/medium.jpg","Reptilia","CC-BY-NC"
"334",-76.6158226973,44.2249180443,"2022-05-08","yellow trout lily","Erythronium americanum","https://inaturalist-open-data.s3.amazonaws.com/photos/196083094/medium.jpg","Plantae","CC-BY-NC"
"335",-76.6110267111,44.2234631848,"2022-05-08","Dekay's Brownsnake","Storeria dekayi","https://inaturalist-open-data.s3.amazonaws.com/photos/196082527/medium.jpg","Reptilia","CC-BY-NC"
"336",-76.612694662,44.2221267721,"2022-05-05","Birds","Aves","https://inaturalist-open-data.s3.amazonaws.com/photos/195186307/medium.jpg","Aves","CC-BY-NC"
"337",-76.6068598635,44.2236501624,"2022-05-05","Barred Owl","Strix varia","https://inaturalist-open-data.s3.amazonaws.com/photos/195185063/medium.jpg","Aves","CC-BY-NC"
"338",-76.6098506371,44.2250713146,"2022-05-05","Wild Turkey","Meleagris gallopavo","https://inaturalist-open-data.s3.amazonaws.com/photos/195184852/medium.jpg","Aves","CC-BY-NC"
"339",-76.6114172493,44.2230735608,"2022-05-05","Eastern Whip-poor-will","Antrostomus vociferus","https://inaturalist-open-data.s3.amazonaws.com/photos/195184667/medium.jpg","Aves","CC-BY-NC"
"340",-76.609689,44.2323542,"2022-05-04","Pileated Woodpecker","Dryocopus pileatus","https://inaturalist-open-data.s3.amazonaws.com/photos/194912484/medium.jpeg","Aves","CC-BY-NC"
"341",-76.609689,44.2323542,"2022-05-04","Downy Woodpecker","Dryobates pubescens","https://inaturalist-open-data.s3.amazonaws.com/photos/194906207/medium.jpeg","Aves","CC-BY-NC"
"342",-76.609689,44.2323542,"2022-05-04","Virginia spring beauty","Claytonia virginica","https://inaturalist-open-data.s3.amazonaws.com/photos/194904789/medium.jpeg","Plantae","CC-BY-NC"
"343",-76.609689,44.2323542,"2022-05-04","Solomon's plume","Maianthemum racemosum","https://inaturalist-open-data.s3.amazonaws.com/photos/194904346/medium.jpeg","Plantae","CC-BY-NC"
"344",-76.609689,44.2323542,"2022-05-04","early meadow-rue","Thalictrum dioicum","https://inaturalist-open-data.s3.amazonaws.com/photos/194904170/medium.jpeg","Plantae","CC-BY-NC"
"345",-76.609689,44.2323542,"2022-05-04","herb Robert","Geranium robertianum","https://inaturalist-open-data.s3.amazonaws.com/photos/194903833/medium.jpeg","Plantae","CC-BY-NC"
"346",-76.609689,44.2323542,"2022-05-04","bluebead lily","Clintonia borealis","https://inaturalist-open-data.s3.amazonaws.com/photos/194903146/medium.jpeg","Plantae","CC-BY-NC"
"347",-76.609689,44.2323542,"2022-05-04","mayapple","Podophyllum peltatum","https://inaturalist-open-data.s3.amazonaws.com/photos/194902994/medium.jpeg","Plantae","CC-BY-NC"
"348",-76.609689,44.2323542,"2022-05-04","dicots","Magnoliopsida","https://inaturalist-open-data.s3.amazonaws.com/photos/194901686/medium.jpeg","Plantae","CC-BY-NC"
"349",-76.609689,44.2323542,"2022-05-04","red trillium","Trillium erectum","https://inaturalist-open-data.s3.amazonaws.com/photos/194901500/medium.jpeg","Plantae","CC-BY-NC"
"350",-76.609689,44.2323542,"2022-05-04","large white trillium","Trillium grandiflorum","https://inaturalist-open-data.s3.amazonaws.com/photos/194901330/medium.jpeg","Plantae","CC-BY-NC"
"351",-76.609689,44.2323542,"2022-05-04","yellow trout lily","Erythronium americanum","https://inaturalist-open-data.s3.amazonaws.com/photos/194901158/medium.jpeg","Plantae","CC-BY-NC"
"352",-76.609689,44.2323542,"2022-05-04","bloodroot","Sanguinaria canadensis","https://inaturalist-open-data.s3.amazonaws.com/photos/194900996/medium.jpeg","Plantae","CC-BY-NC"
"353",-76.609689,44.2323542,"2022-05-04","Black Snakeroot","Sanicula canadensis","https://inaturalist-open-data.s3.amazonaws.com/photos/194900816/medium.jpeg","Plantae","CC-BY-NC"
"354",-76.609689,44.2323542,"2022-05-04","red trillium","Trillium erectum","https://inaturalist-open-data.s3.amazonaws.com/photos/194900678/medium.jpeg","Plantae","CC-BY-NC"
"355",-76.609689,44.2323542,"2022-05-04","red trillium","Trillium erectum","https://inaturalist-open-data.s3.amazonaws.com/photos/194900556/medium.jpeg","Plantae","CC-BY-NC"
"356",-76.609689,44.2323542,"2022-05-04","Virginia waterleaf","Hydrophyllum virginianum","https://inaturalist-open-data.s3.amazonaws.com/photos/194900390/medium.jpeg","Plantae","CC-BY-NC"
"357",-76.609689,44.2323542,"2022-05-04","meadow anemone","Anemonastrum canadense","https://inaturalist-open-data.s3.amazonaws.com/photos/194900266/medium.jpeg","Plantae","CC-BY-NC"
"358",-76.6110279007,44.2247864698,"2022-05-03","plants","Plantae","https://inaturalist-open-data.s3.amazonaws.com/photos/194480088/medium.jpg","Plantae","CC-BY-NC"
"359",-76.6090606865,44.2230040663,"2022-05-03","Eastern Chipmunk","Tamias striatus","https://inaturalist-open-data.s3.amazonaws.com/photos/194479766/medium.jpg","Mammalia","CC-BY-NC"
"360",-76.6137976805,44.2232781313,"2022-05-03","Common Raccoon","Procyon lotor","https://inaturalist-open-data.s3.amazonaws.com/photos/194479440/medium.jpg","Mammalia","CC-BY-NC"
"361",-76.6106993378,44.2260054789,"2022-05-03","Willows","Salix","https://inaturalist-open-data.s3.amazonaws.com/photos/194479087/medium.jpg","Plantae","CC-BY-NC"
"362",-76.6119296954,44.2241874418,"2022-05-03","Canadian wild ginger","Asarum canadense","https://inaturalist-open-data.s3.amazonaws.com/photos/194478277/medium.jpg","Plantae","CC-BY-NC"
"363",-76.6089102187,44.2252123629,"2022-04-29","early blue cohosh","Caulophyllum giganteum","https://inaturalist-open-data.s3.amazonaws.com/photos/194278720/medium.jpg","Plantae","CC-BY-NC"
"364",-76.6101535327,44.2256068453,"2022-05-02","red trillium","Trillium erectum","https://inaturalist-open-data.s3.amazonaws.com/photos/194012090/medium.jpg","Plantae","CC-BY-NC"
"365",-76.6064583634,44.2232247776,"2022-05-02","plants","Plantae","https://inaturalist-open-data.s3.amazonaws.com/photos/194011533/medium.jpg","Plantae","CC-BY-NC"
"366",-76.6112972464,44.2247618606,"2022-05-02","Downy Woodpecker","Dryobates pubescens","https://inaturalist-open-data.s3.amazonaws.com/photos/194010362/medium.jpg","Aves","CC-BY-NC"
"367",-76.6108573375,44.2229866269,"2022-05-02","White-breasted Nuthatch","Sitta carolinensis","https://inaturalist-open-data.s3.amazonaws.com/photos/194009719/medium.jpg","Aves","CC-BY-NC"
"368",-76.6095120257,44.2229617241,"2022-05-02","North American Deer Mice","Peromyscus","https://inaturalist-open-data.s3.amazonaws.com/photos/194008959/medium.jpg","Mammalia","CC-BY-NC"
"369",-76.6176852286,44.2238463571,"2022-05-01","round-lobed hepatica","Hepatica americana","https://inaturalist-open-data.s3.amazonaws.com/photos/193070277/medium.jpg","Plantae","CC-BY-NC"
"370",-76.6111159352,44.2324618234,"2022-05-01","Wild Turkey","Meleagris gallopavo","https://inaturalist-open-data.s3.amazonaws.com/photos/192944256/medium.jpeg","Aves","CC-BY-NC"
"371",-76.6157615212,44.2314163308,"2022-05-01","Mute Swan","Cygnus olor","https://inaturalist-open-data.s3.amazonaws.com/photos/192943015/medium.jpeg","Aves","CC-BY-NC"
"372",-76.6160404709,44.2328769403,"2022-05-01","Hooded Merganser","Lophodytes cucullatus","https://inaturalist-open-data.s3.amazonaws.com/photos/192940757/medium.jpeg","Aves","CC-BY-NC"
"373",-76.6112281778,44.2236181757,"2022-04-29","European Starling","Sturnus vulgaris","https://inaturalist-open-data.s3.amazonaws.com/photos/191926532/medium.jpg","Aves","CC-BY-NC"
"374",-76.6109481263,44.2228873229,"2022-04-29","large white trillium","Trillium grandiflorum","https://inaturalist-open-data.s3.amazonaws.com/photos/191925291/medium.jpg","Plantae","CC-BY-NC"
"375",-76.6102211741,44.223901896,"2022-04-29","Barred Owl","Strix varia","https://inaturalist-open-data.s3.amazonaws.com/photos/191924755/medium.jpg","Aves","CC-BY-NC"
"376",-76.6117110854,44.2247774433,"2022-04-29","meadow-rues","Thalictrum","https://inaturalist-open-data.s3.amazonaws.com/photos/191923978/medium.jpg","Plantae","CC-BY-NC"
"377",-76.6107027607,44.2243081717,"2022-04-29","dogwoods","Cornus","https://inaturalist-open-data.s3.amazonaws.com/photos/191922448/medium.jpg","Plantae","CC-BY-NC"
"378",-76.6113386663,44.2242336008,"2022-04-29","yellow trout lily","Erythronium americanum","https://inaturalist-open-data.s3.amazonaws.com/photos/191921998/medium.jpg","Plantae","CC-BY-NC"
"379",-76.6104737785,44.2235902056,"2022-04-29","","Apioperdon","https://inaturalist-open-data.s3.amazonaws.com/photos/191921030/medium.jpg","Fungi","CC-BY-NC"
"380",-76.61031634,44.2247136305,"2022-04-29","Rose-breasted Grosbeak","Pheucticus ludovicianus","https://inaturalist-open-data.s3.amazonaws.com/photos/191919197/medium.jpg","Aves","CC-BY-NC"
"381",-76.6099927215,44.2235535361,"2022-04-17","Brown Thrasher","Toxostoma rufum","https://inaturalist-open-data.s3.amazonaws.com/photos/191205978/medium.jpg","Aves","CC-BY-NC"
"382",-76.6123414076,44.223404649,"2022-04-17","Wild Turkey","Meleagris gallopavo","https://inaturalist-open-data.s3.amazonaws.com/photos/191205625/medium.jpg","Aves","CC-BY-NC"
"383",-76.6126153791,44.2242687681,"2022-04-26","bloodroot","Sanguinaria canadensis","https://inaturalist-open-data.s3.amazonaws.com/photos/191053877/medium.jpg","Plantae","CC-BY-NC"
"384",-76.6140912014,44.2246030975,"2022-04-26","mayapple","Podophyllum peltatum","https://inaturalist-open-data.s3.amazonaws.com/photos/190989898/medium.jpg","Plantae","CC-BY-NC"
"385",-76.6116342391,44.2235531352,"2022-04-26","Hares and Rabbits","Leporidae","https://inaturalist-open-data.s3.amazonaws.com/photos/190989677/medium.jpg","Mammalia","CC-BY-NC"
"386",-76.609281094,44.2233260803,"2022-04-26","dicots","Magnoliopsida","https://inaturalist-open-data.s3.amazonaws.com/photos/190989045/medium.jpg","Plantae","CC-BY-NC"
"387",-76.6104373027,44.2244506334,"2022-04-26","hepaticas","Hepatica","https://inaturalist-open-data.s3.amazonaws.com/photos/190988705/medium.jpg","Plantae","CC-BY-NC"
"388",-76.6124489094,44.2242007688,"2022-04-26","","Phyllotopsis","https://inaturalist-open-data.s3.amazonaws.com/photos/190988519/medium.jpg","Fungi","CC-BY-NC"
"389",-76.6094872378,44.2245666114,"2022-04-26","Eastern Garter Snake","Thamnophis sirtalis sirtalis","https://inaturalist-open-data.s3.amazonaws.com/photos/190988299/medium.jpg","Reptilia","CC-BY-NC"
"390",-76.6115604913,44.2259090264,"2022-04-26","Northern Watersnake","Nerodia sipedon sipedon","https://inaturalist-open-data.s3.amazonaws.com/photos/190988118/medium.jpg","Reptilia","CC-BY-NC"
"391",-76.6113841603,44.2350754229,"2022-04-24","Northern Shoveler","Spatula clypeata","https://inaturalist-open-data.s3.amazonaws.com/photos/190874680/medium.jpeg","Aves","CC-BY-NC"
"392",-76.6132879257,44.2276907572,"2022-04-24","meadow-rues","Thalictrum","https://inaturalist-open-data.s3.amazonaws.com/photos/190690219/medium.jpeg","Plantae","CC-BY-NC"
"393",-76.6111100603,44.2269310378,"2022-04-24","Eastern Garter Snake","Thamnophis sirtalis sirtalis","https://inaturalist-open-data.s3.amazonaws.com/photos/190627550/medium.jpg","Reptilia","CC-BY-NC"
"394",-76.6108238841,44.2300844851,"2022-04-25","Dekay's Brownsnake","Storeria dekayi","https://inaturalist-open-data.s3.amazonaws.com/photos/190617305/medium.jpg","Reptilia","CC-BY-NC"
"395",-76.609689,44.2323542,"2022-04-24","hepaticas","Hepatica","https://inaturalist-open-data.s3.amazonaws.com/photos/190491405/medium.jpeg","Plantae","CC-BY-NC"
"396",-76.609689,44.2323542,"2022-04-24","mayapple","Podophyllum peltatum","https://inaturalist-open-data.s3.amazonaws.com/photos/190490737/medium.jpeg","Plantae","CC-BY-NC"
"397",-76.609689,44.2323542,"2022-04-24","Downy Woodpecker","Dryobates pubescens","https://inaturalist-open-data.s3.amazonaws.com/photos/190490444/medium.jpeg","Aves","CC-BY-NC"
"398",-76.615270738,44.2252189177,"2022-04-24","sharp-lobed hepatica","Hepatica acutiloba","https://inaturalist-open-data.s3.amazonaws.com/photos/190627487/medium.jpg","Plantae","CC-BY-NC"
"399",-76.6107100822,44.2323889242,"2022-04-20","Eastern Gray Squirrel","Sciurus carolinensis","https://inaturalist-open-data.s3.amazonaws.com/photos/189841194/medium.jpeg","Mammalia","CC-BY-NC"
"400",-76.6111875154,44.2324965475,"2022-04-20","Eastern Gray Squirrel","Sciurus carolinensis","https://inaturalist-open-data.s3.amazonaws.com/photos/189841172/medium.jpeg","Mammalia","CC-BY-NC"
"401",-76.6124903248,44.2223392475,"2022-04-18","White-tailed Deer","Odocoileus virginianus","https://inaturalist-open-data.s3.amazonaws.com/photos/189097093/medium.jpg","Mammalia","CC-BY-NC"
"402",-76.613069661,44.2324441521,"2022-04-15","Northern Watersnake","Nerodia sipedon sipedon","https://inaturalist-open-data.s3.amazonaws.com/photos/188321596/medium.jpeg","Reptilia","CC-BY-NC"
"403",-76.6124641322,44.2231974387,"2022-04-12","Northern Shrike","Lanius borealis","https://inaturalist-open-data.s3.amazonaws.com/photos/187733148/medium.jpeg","Aves","CC-BY-NC"
"404",-76.6124641322,44.2231974387,"2022-04-12","Wild Turkey","Meleagris gallopavo","https://inaturalist-open-data.s3.amazonaws.com/photos/187733044/medium.jpeg","Aves","CC-BY-NC"
"405",-76.6124641322,44.2231974387,"2022-04-12","Yellow-bellied Sapsucker","Sphyrapicus varius","https://inaturalist-open-data.s3.amazonaws.com/photos/187732961/medium.jpeg","Aves","CC-BY-NC"
"406",-76.6124641322,44.2231974387,"2022-04-12","Mourning Cloak","Nymphalis antiopa","https://inaturalist-open-data.s3.amazonaws.com/photos/187732940/medium.jpeg","Insecta","CC-BY-NC"
"407",-76.6124641322,44.2231974387,"2022-04-12","White-breasted Nuthatch","Sitta carolinensis","https://inaturalist-open-data.s3.amazonaws.com/photos/187732645/medium.jpeg","Aves","CC-BY-NC"
"408",-76.6124641322,44.2231974387,"2022-04-12","Song Sparrow","Melospiza melodia","https://inaturalist-open-data.s3.amazonaws.com/photos/187732613/medium.jpeg","Aves","CC-BY-NC"
"409",-76.610426,44.221567,"2022-04-12","Eastern Meadowlark","Sturnella magna","https://inaturalist-open-data.s3.amazonaws.com/photos/187732606/medium.jpeg","Aves","CC-BY-NC"
"410",-76.6124641322,44.2231974387,"2022-04-12","Brown-headed Cowbird","Molothrus ater","https://inaturalist-open-data.s3.amazonaws.com/photos/187732711/medium.jpeg","Aves","CC-BY-NC"
"411",-76.6124641322,44.2231974387,"2022-04-12","Eastern Gray Squirrel","Sciurus carolinensis","https://inaturalist-open-data.s3.amazonaws.com/photos/187732846/medium.jpeg","Mammalia","CC-BY-NC"
"412",-76.616595,44.218787,"2022-04-12","Eastern Gray Squirrel","Sciurus carolinensis","https://inaturalist-open-data.s3.amazonaws.com/photos/187730621/medium.jpeg","Mammalia","CC-BY-NC"
"413",-76.611019,44.227019,"2022-04-12","Eastern Gray Squirrel","Sciurus carolinensis","https://inaturalist-open-data.s3.amazonaws.com/photos/187730644/medium.jpeg","Mammalia","CC-BY-NC"
"414",-76.61235,44.225604,"2022-04-12","Eastern Gray Squirrel","Sciurus carolinensis","https://inaturalist-open-data.s3.amazonaws.com/photos/187730557/medium.jpeg","Mammalia","CC-BY-NC"
"415",-76.612092,44.220558,"2022-04-12","Eastern Gray Squirrel","Sciurus carolinensis","https://inaturalist-open-data.s3.amazonaws.com/photos/187730594/medium.jpeg","Mammalia","CC-BY-NC"
"416",-76.6121780228,44.2235436872,"2022-04-12","Eastern Gray Squirrel","Sciurus carolinensis","https://inaturalist-open-data.s3.amazonaws.com/photos/187730578/medium.jpeg","Mammalia","CC-BY-NC"
"417",-76.6121780228,44.2235436872,"2022-04-12","Eastern Gray Squirrel","Sciurus carolinensis","https://inaturalist-open-data.s3.amazonaws.com/photos/187730527/medium.jpeg","Mammalia","CC-BY-NC"
"418",-76.6121780228,44.2235436872,"2022-04-12","Eastern Gray Squirrel","Sciurus carolinensis","https://inaturalist-open-data.s3.amazonaws.com/photos/187730497/medium.jpeg","Mammalia","CC-BY-NC"
"419",-76.6121780228,44.2235436872,"2022-04-12","Eastern Gray Squirrel","Sciurus carolinensis","https://inaturalist-open-data.s3.amazonaws.com/photos/187730470/medium.jpeg","Mammalia","CC-BY-NC"
"420",-76.6121780228,44.2235436872,"2022-04-12","Eastern Gray Squirrel","Sciurus carolinensis","https://inaturalist-open-data.s3.amazonaws.com/photos/187730432/medium.jpeg","Mammalia","CC-BY-NC"
"421",-76.6121780228,44.2235436872,"2022-04-12","American Red Squirrel","Tamiasciurus hudsonicus","https://inaturalist-open-data.s3.amazonaws.com/photos/187730380/medium.jpeg","Mammalia","CC-BY-NC"
"422",-76.6121780228,44.2235436872,"2022-04-12","Eastern Gray Squirrel","Sciurus carolinensis","https://inaturalist-open-data.s3.amazonaws.com/photos/187730341/medium.jpeg","Mammalia","CC-BY-NC"
"423",-76.6121780228,44.2235436872,"2022-04-12","Eastern Gray Squirrel","Sciurus carolinensis","https://inaturalist-open-data.s3.amazonaws.com/photos/187730293/medium.jpeg","Mammalia","CC-BY-NC"
"424",-76.6121780228,44.2235436872,"2022-04-12","Eastern Gray Squirrel","Sciurus carolinensis","https://inaturalist-open-data.s3.amazonaws.com/photos/187730318/medium.jpeg","Mammalia","CC-BY-NC"
"425",-76.6121780228,44.2235436872,"2022-04-12","Eastern Gray Squirrel","Sciurus carolinensis","https://inaturalist-open-data.s3.amazonaws.com/photos/187730273/medium.jpeg","Mammalia","CC-BY-NC"
"426",-76.6121780228,44.2235436872,"2022-04-12","Eastern Gray Squirrel","Sciurus carolinensis","https://inaturalist-open-data.s3.amazonaws.com/photos/187730251/medium.jpeg","Mammalia","CC-BY-NC"
"427",-76.6121780228,44.2235436872,"2022-04-12","Eastern Gray Squirrel","Sciurus carolinensis","https://inaturalist-open-data.s3.amazonaws.com/photos/187730233/medium.jpeg","Mammalia","CC-BY-NC"
"428",-76.615204,44.225104,"2022-04-12","Eastern Gray Squirrel","Sciurus carolinensis","https://inaturalist-open-data.s3.amazonaws.com/photos/187730209/medium.jpeg","Mammalia","CC-BY-NC"
"429",-76.6121780228,44.2235436872,"2022-04-12","Eastern Gray Squirrel","Sciurus carolinensis","https://inaturalist-open-data.s3.amazonaws.com/photos/187730186/medium.jpeg","Mammalia","CC-BY-NC"
"430",-76.617324,44.21921,"2022-04-12","Eastern Gray Squirrel","Sciurus carolinensis","https://inaturalist-open-data.s3.amazonaws.com/photos/187730126/medium.jpeg","Mammalia","CC-BY-NC"
"431",-76.6121780228,44.2235436872,"2022-04-12","American Red Squirrel","Tamiasciurus hudsonicus","https://inaturalist-open-data.s3.amazonaws.com/photos/187730166/medium.jpeg","Mammalia","CC-BY-NC"
"432",-76.6121780228,44.2235436872,"2022-04-12","Eastern Gray Squirrel","Sciurus carolinensis","https://inaturalist-open-data.s3.amazonaws.com/photos/187730100/medium.jpeg","Mammalia","CC-BY-NC"
"433",-76.6121780228,44.2235436872,"2022-04-12","Eastern Gray Squirrel","Sciurus carolinensis","https://inaturalist-open-data.s3.amazonaws.com/photos/187730076/medium.jpeg","Mammalia","CC-BY-NC"
"434",-76.6121780228,44.2235436872,"2022-04-12","Eastern Gray Squirrel","Sciurus carolinensis","https://inaturalist-open-data.s3.amazonaws.com/photos/187730052/medium.jpeg","Mammalia","CC-BY-NC"
"435",-76.6121780228,44.2235436872,"2022-04-12","Eastern Gray Squirrel","Sciurus carolinensis","https://inaturalist-open-data.s3.amazonaws.com/photos/187730023/medium.jpeg","Mammalia","CC-BY-NC"
"436",-76.616581,44.2188,"2022-04-12","Eastern Gray Squirrel","Sciurus carolinensis","https://inaturalist-open-data.s3.amazonaws.com/photos/187729998/medium.jpeg","Mammalia","CC-BY-NC"
"437",-76.6121780228,44.2235436872,"2022-04-12","Eastern Gray Squirrel","Sciurus carolinensis","https://inaturalist-open-data.s3.amazonaws.com/photos/187729971/medium.jpeg","Mammalia","CC-BY-NC"
"438",-76.6121780228,44.2235436872,"2022-04-12","Eastern Gray Squirrel","Sciurus carolinensis","https://inaturalist-open-data.s3.amazonaws.com/photos/187729943/medium.jpeg","Mammalia","CC-BY-NC"
"439",-76.6121780228,44.2235436872,"2022-04-12","Eastern Gray Squirrel","Sciurus carolinensis","https://inaturalist-open-data.s3.amazonaws.com/photos/187729923/medium.jpeg","Mammalia","CC-BY-NC"
"440",-76.6121780228,44.2235436872,"2022-04-12","Eastern Gray Squirrel","Sciurus carolinensis","https://inaturalist-open-data.s3.amazonaws.com/photos/187729911/medium.jpeg","Mammalia","CC-BY-NC"
"441",-76.6121780228,44.2235436872,"2022-04-12","Eastern Gray Squirrel","Sciurus carolinensis","https://inaturalist-open-data.s3.amazonaws.com/photos/187729876/medium.jpeg","Mammalia","CC-BY-NC"
"442",-76.608795,44.2241133333,"2022-04-12","Black-capped Chickadee","Poecile atricapillus","https://inaturalist-open-data.s3.amazonaws.com/photos/187718671/medium.jpg","Aves","CC-BY-NC"
"443",-76.6096416667,44.2236666667,"2022-04-12","common milkweed","Asclepias syriaca","https://inaturalist-open-data.s3.amazonaws.com/photos/187718653/medium.jpg","Plantae","CC-BY-NC"
"444",-76.609689,44.2323542,"2022-04-03","Song Sparrow","Melospiza melodia","https://inaturalist-open-data.s3.amazonaws.com/photos/187429025/medium.jpeg","Aves","CC-BY-NC"
"445",-76.609689,44.2323542,"2022-04-03","Fungi Including Lichens","Fungi","https://inaturalist-open-data.s3.amazonaws.com/photos/187428763/medium.jpeg","Fungi","CC-BY-NC"
"446",-76.609689,44.2323542,"2022-04-03","Eastern Gray Squirrel","Sciurus carolinensis","https://inaturalist-open-data.s3.amazonaws.com/photos/187428665/medium.jpeg","Mammalia","CC-BY-NC"
"447",-76.609689,44.2323542,"2022-04-03","Eastern Gray Squirrel","Sciurus carolinensis","https://inaturalist-open-data.s3.amazonaws.com/photos/187428577/medium.jpeg","Mammalia","CC-BY-NC"
"448",-76.609689,44.2323542,"2022-04-03","Eastern Chipmunk","Tamias striatus","https://inaturalist-open-data.s3.amazonaws.com/photos/187428393/medium.jpeg","Mammalia","CC-BY-NC"
"449",-76.609689,44.2323542,"2022-04-03","American beech","Fagus grandifolia","https://inaturalist-open-data.s3.amazonaws.com/photos/187428235/medium.jpeg","Plantae","CC-BY-NC"
"450",-76.609689,44.2323542,"2022-04-03","Fungi Including Lichens","Fungi","https://inaturalist-open-data.s3.amazonaws.com/photos/187428046/medium.jpeg","Fungi","CC-BY-NC"
"451",-76.609689,44.2323542,"2022-04-03","Song Sparrow","Melospiza melodia","https://inaturalist-open-data.s3.amazonaws.com/photos/187427932/medium.jpeg","Aves","CC-BY-NC"
"452",-76.609689,44.2323542,"2022-04-03","Song Sparrow","Melospiza melodia","https://inaturalist-open-data.s3.amazonaws.com/photos/187427797/medium.jpeg","Aves","CC-BY-NC"
"453",-76.609689,44.2323542,"2022-04-03","Black-capped Chickadee","Poecile atricapillus","https://inaturalist-open-data.s3.amazonaws.com/photos/187427660/medium.jpeg","Aves","CC-BY-NC"
"454",-76.609689,44.2323542,"2022-04-03","Northern Cardinal","Cardinalis cardinalis","https://inaturalist-open-data.s3.amazonaws.com/photos/187427570/medium.jpeg","Aves","CC-BY-NC"
"455",-76.609689,44.2323542,"2022-04-03","Mallard","Anas platyrhynchos","https://inaturalist-open-data.s3.amazonaws.com/photos/187427466/medium.jpeg","Aves","CC-BY-NC"
"456",-76.609689,44.2323542,"2022-04-03","Red-breasted Merganser","Mergus serrator","https://inaturalist-open-data.s3.amazonaws.com/photos/187427353/medium.jpeg","Aves","CC-BY-NC"
"457",-76.609689,44.2323542,"2022-04-03","Canada Goose","Branta canadensis","https://inaturalist-open-data.s3.amazonaws.com/photos/187427268/medium.jpeg","Aves","CC-BY-NC"
"458",-76.609689,44.2323542,"2022-04-03","Eastern Gray Squirrel","Sciurus carolinensis","https://inaturalist-open-data.s3.amazonaws.com/photos/187427144/medium.jpeg","Mammalia","CC-BY-NC"
"459",-76.610697043,44.2242775863,"2022-04-08","","Chlorociboria","https://inaturalist-open-data.s3.amazonaws.com/photos/189096641/medium.jpg","Fungi","CC-BY-NC"
"460",-76.6086564721,44.2251861665,"2022-04-08","honey mushrooms","Armillaria","https://inaturalist-open-data.s3.amazonaws.com/photos/186880797/medium.jpg","Fungi","CC-BY-NC"
"461",-76.6109956764,44.2242806203,"2022-04-08","Willows","Salix","https://inaturalist-open-data.s3.amazonaws.com/photos/186880399/medium.jpg","Plantae","CC-BY-NC"
"462",-76.6066436768,44.2204933167,"2022-04-06","Candleflame Lichen","Candelaria concolor","https://inaturalist-open-data.s3.amazonaws.com/photos/186558194/medium.jpeg","Fungi","CC-BY-NC"
"463",-76.6153935285,44.2237888121,"2022-04-04","Wild Turkey","Meleagris gallopavo","https://inaturalist-open-data.s3.amazonaws.com/photos/186232922/medium.jpg","Aves","CC-BY-NC"
"464",-76.6115557267,44.2250813765,"2022-04-02","Wild Turkey","Meleagris gallopavo","https://inaturalist-open-data.s3.amazonaws.com/photos/185894574/medium.jpeg","Aves","CC-BY-NC"
"465",-76.6113063922,44.2266574594,"2022-04-02","Downy Woodpecker","Dryobates pubescens","https://inaturalist-open-data.s3.amazonaws.com/photos/185894016/medium.jpeg","Aves","CC-BY-NC"
"466",-76.6088633333,44.2241466667,"2022-03-31","Scots pine","Pinus sylvestris","https://inaturalist-open-data.s3.amazonaws.com/photos/186269877/medium.jpg","Plantae","CC-BY-NC"
"467",-76.6140203982,44.2243627629,"2022-03-21","Downy Woodpecker","Dryobates pubescens","https://inaturalist-open-data.s3.amazonaws.com/photos/184024151/medium.jpg","Aves","CC-BY-NC"
"468",-76.6118071425,44.2284859417,"2022-03-21","Compton Tortoiseshell","Nymphalis l-album","https://inaturalist-open-data.s3.amazonaws.com/photos/184922493/medium.jpg","Insecta","CC-BY-NC"
"469",-76.611064024,44.2259893646,"2022-03-21","Eastern Gray Squirrel","Sciurus carolinensis","https://inaturalist-open-data.s3.amazonaws.com/photos/183901243/medium.jpg","Mammalia","CC-BY-NC"
"470",-76.6142957658,44.2238127539,"2022-03-17","Coyote","Canis latrans","https://inaturalist-open-data.s3.amazonaws.com/photos/183293334/medium.jpeg","Mammalia","CC-BY-NC"
"471",-76.608581,44.2351639722,"2022-03-02","Northern Shrike","Lanius borealis","https://inaturalist-open-data.s3.amazonaws.com/photos/181360562/medium.jpeg","Aves","CC0"
"472",-76.6135467589,44.2283377469,"2022-02-21","sugar maple","Acer saccharum","https://inaturalist-open-data.s3.amazonaws.com/photos/180527333/medium.jpeg","Plantae","CC-BY-NC"
"473",-76.6099786786,44.2322550116,"2022-02-19","American Tree Sparrow","Spizelloides arborea","https://inaturalist-open-data.s3.amazonaws.com/photos/180430713/medium.jpg","Aves","CC-BY-NC"
"474",-76.6097044945,44.2323624736,"2022-02-19","White-breasted Nuthatch","Sitta carolinensis","https://inaturalist-open-data.s3.amazonaws.com/photos/180430653/medium.jpg","Aves","CC-BY-NC"
"475",-76.6097044945,44.2323624736,"2022-02-19","American Robin","Turdus migratorius","https://inaturalist-open-data.s3.amazonaws.com/photos/180430619/medium.jpg","Aves","CC-BY-NC"
"476",-76.609689,44.2323542,"2022-02-19","American Robin","Turdus migratorius","https://inaturalist-open-data.s3.amazonaws.com/photos/180430582/medium.jpg","Aves","CC-BY-NC"
"477",-76.6097044945,44.2323624736,"2022-02-19","Downy Woodpecker","Dryobates pubescens","https://inaturalist-open-data.s3.amazonaws.com/photos/180036007/medium.jpg","Aves","CC-BY-NC"
"478",-76.609689,44.2323542,"2022-02-19","Downy Woodpecker","Dryobates pubescens","https://inaturalist-open-data.s3.amazonaws.com/photos/180035985/medium.jpg","Aves","CC-BY-NC"
"479",-76.609689,44.2323542,"2022-02-19","Eastern Cottontail","Sylvilagus floridanus","https://inaturalist-open-data.s3.amazonaws.com/photos/180035884/medium.jpg","Mammalia","CC-BY-NC"
"480",-76.609689,44.2323542,"2022-02-19","Eastern Gray Squirrel","Sciurus carolinensis","https://inaturalist-open-data.s3.amazonaws.com/photos/180035764/medium.jpg","Mammalia","CC-BY-NC"
"481",-76.6128587246,44.2259303983,"2022-02-19","Pileated Woodpecker","Dryocopus pileatus","https://inaturalist-open-data.s3.amazonaws.com/photos/180035042/medium.jpg","Aves","CC-BY-NC"
"482",-76.6125154019,44.2277755447,"2022-02-19","Pileated Woodpecker","Dryocopus pileatus","https://inaturalist-open-data.s3.amazonaws.com/photos/180034993/medium.jpg","Aves","CC-BY-NC"
"483",-76.6125797749,44.2279139283,"2022-02-19","Pileated Woodpecker","Dryocopus pileatus","https://inaturalist-open-data.s3.amazonaws.com/photos/180035023/medium.jpg","Aves","CC-BY-NC"
"484",-76.6124403,44.227967,"2022-02-19","Pileated Woodpecker","Dryocopus pileatus","https://inaturalist-open-data.s3.amazonaws.com/photos/180034966/medium.jpg","Aves","CC-BY-NC"
"485",-76.6105555556,44.2271861111,"2022-02-12","Mourning Dove","Zenaida macroura","https://inaturalist-open-data.s3.amazonaws.com/photos/179177557/medium.jpeg","Aves","CC-BY-NC"
"486",-76.6102103758,44.2177038209,"2022-01-04","Northern Cardinal","Cardinalis cardinalis","https://inaturalist-open-data.s3.amazonaws.com/photos/174872828/medium.jpg","Aves","CC-BY-NC"
"487",-76.6139568558,44.2202645424,"2022-01-01","Barred Owl","Strix varia","https://inaturalist-open-data.s3.amazonaws.com/photos/174463132/medium.jpg","Aves","CC-BY-NC"
